"""repair""",2
"""datarecovery""",1
"""iphonefix""",1
"""breach""",2
"""podcastaddict""",2
"""sagittarius""",2
"""capricorn""",2
"""pisces""",2
"""acacia""",2
"""lovereadings""",2
"""iphone14promax""",12
"""iphone14pro""",11
"""pixel7pro""",1
"""applewatchultra""",6
"""technology""",37
"""hp""",5
"""dell""",5
"""microsoft""",22
"""space""",1
"""applehistory""",2
"""pcsetup""",1
"""comedypodcast""",1
"""elcorteingles""",1
"""apple23""",1
"""vqganclip""",46
"""emotions""",1
"""climatechange""",1
"""ultimahora""",1
"""logitech""",1
"""waiting""",1
"""heart""",1
"""free""",8
"""bookboost""",6
"""bkc""",4
"""conservationinternational""",1
"""bitcoinmining""",1
"""money""",4
"""itsecurity""",3
"""ios16""",11
"""ç²‰è‰²çš„çŒª""",1
"""èµµä¼Šå½¤""",2
"""hejapple""",1
"""ncafc""",1
"""guitars""",1
"""è¤‡æ•°ã‚¢ã‚«ã‚¦ãƒ³ãƒˆ""",2
"""ã‚­ãƒƒãƒ‰ã‚µãƒ¼ãƒˆ""",3
"""edtech""",5
"""alphabet""",5
"""manna""",1
"""à¸•à¸¥à¸²à¸”à¸™à¸±à¸”nct""",9
"""closeyourrings""",1
"""booklovers""",2
"""jimin_face""",2
"""metal""",2
"""outbillboard""",5
"""punishinggrayraven""",1
"""æˆ˜åŒå¸•å¼¥ä»€""",1
"""ariesnight""",1
"""bitsserver""",1
"""pasarseventeen""",2
"""tombraiderreloaded""",1
"""tesla""",12
"""the602club""",1
"""carregada""",1
"""videoads""",1
"""getizzylaidday""",1
"""3dprint""",1
"""mobilezonshop""",1
"""tipoftheday""",1
"""led""",4
"""signage""",1
"""stilllife""",1
"""trucos""",2
"""promotion""",3
"""work""",5
"""solopreneur""",2
"""keepinitradio""",4
"""amazondeal""",1
"""of""",1
"""startupgrind""",3
"""data4good""",2
"""fintech""",11
"""mobility""",1
"""fullcircle""",1
"""brightatbriarwood""",1
"""æ˜Ÿé‡æº""",1
"""ncf22""",1
"""jonasbrothers""",1
"""realtÃ virtuale""",1
"""visorear""",1
"""paypay""",12
"""amazonã‚®ãƒ•ãƒˆåˆ¸""",12
"""xiaomipad6""",1
"""anushkasharma""",19
"""moneyreimagined""",1
"""startups""",8
"""tradingheartbeatstrilogy""",1
"""booklaunch""",1
"""leakeddesigns""",1
"""glassfruit""",1
"""trending""",15
"""wsj""",3
"""whatsapp""",6
"""threatintelligence""",6
"""zerotrust""",6
"""cisa""",7
"""ãƒ•ã‚¡ãƒƒã‚·ãƒ§ãƒ³""",1
"""cfmtl""",2
"""belief""",1
"""determination""",1
"""ue5""",1
"""jaswinderdaghamia""",2
"""ã†ã²ãƒ¼ãƒ¡ãƒ¢""",23
"""wrestling""",3
"""podernfamily""",7
"""animalgrooves""",1
"""stocks""",17
"""economy""",4
"""qualcomm""",1
"""xbox""",4
"""poderosotemplado""",3
"""tugatech""",1
"""ç§‘æŠ€è‚¡""",1
"""financialservices""",1
"""nasdaq""",2
"""ainvest_magic""",2
"""truecrime""",1
"""opensource""",3
"""aliexpress""",2
"""leadership""",2
"""happiness""",1
"""podnation""",7
"""wbpn""",1
"""freeform""",1
"""components""",5
"""chicagohouse""",1
"""fullz""",1
"""fraud""",1
"""advocate""",2
"""where""",1
"""missingairpod""",1
"""0day""",2
"""alerta""",1
"""photography""",4
"""snag""",1
"""safemotorway4all""",1
"""unitedshowbiz""",1
"""maryjblige""",1
"""jimmychoo""",1
"""valentino""",1
"""creativedifferences""",1
"""namm2023""",1
"""composer""",2
"""yelp""",1
"""mfg""",1
"""ãƒªãƒˆãƒãƒ”å½“é¸å ±å‘Š""",1
"""fightinwords""",1
"""europe""",4
"""out""",1
"""sociÃ©tÃ©""",1
"""ä¿æŠ¤å¥½æºªæºª""",1
"""booktwitter""",4
"""iwatch""",1
"""facebook""",5
"""dellsweet""",1
"""stockstowatch""",1
"""à¸«à¸²à¸£applemusicà¸£à¸²à¸„à¸²à¸–à¸¹à¸""",2
"""applecidervinegar""",2
"""videogames""",2
"""ps4""",2
"""drho""",1
"""ipad2021""",1
"""lomÃ¡sleÃ­do""",1
"""finefaunart""",1
"""pasarstraykids""",1
"""dewsbury""",1
"""xiaomi13ultra""",4
"""ãµãã‚Œã‚“ã¡""",1
"""iphone12""",3
"""bnpl""",1
"""wird_maaxuuz""",1
"""ã‚¿ãƒ³ãƒãƒªãƒ³ã®çµµæ–‡å­—ä½œã£ã¦æ¬²ã—ã„ãª""",1
"""prevention""",2
"""draftkings""",1
"""bing""",3
"""pasalapalabra""",1
"""à¹„à¸­à¹à¸à¸”à¸¡à¸·à¸­à¸ªà¸­à¸‡""",4
"""invest""",2
"""podcastonerisi""",1
"""dedos""",1
"""fallenmisfitlost_photo""",2
"""à¹€à¸•à¸´à¸¡à¹€à¸«à¸£à¸µà¸¢à¸à¸£à¸­à¸£""",1
"""à¸£à¸­à¸£""",1
"""digitaltransformation""",6
"""1clickhere""",1
"""ema""",1
"""advisory""",12
"""clasico""",1
"""hamabeadsdisney""",1
"""felizmartes""",2
"""nightcafestudio""",1
"""rainbow""",1
"""conversation""",1
"""businessnews""",4
"""supplies""",1
"""kimi""",1
"""easterbunny""",1
"""easyrecipes""",1
"""salad""",1
"""batterydrain""",1
"""wirelesssafety""",3
"""tfclive""",1
"""mitlinminute""",1
"""lennon""",2
"""starr""",2
"""parlophone""",2
"""delivery""",1
"""nationalpetday2023""",1
"""independentmusic""",1
"""tune""",1
"""applereparos""",2
"""listening""",1
"""cafÃ©love""",1
"""threatintell""",6
"""à¸‚à¸²à¸¢à¸•à¹ˆà¸­airpods""",1
"""kkbkkjtrailor""",3
"""organic""",3
"""healthyfood""",1
"""ã‚¤ãƒ³ã‚¹ãƒˆã‚¥ãƒ«ãƒ¡ãƒ³ã‚¿ãƒ«""",1
"""bundeskartellamt""",2
"""1hrpastmidnight""",2
"""perfectpairings""",1
"""sliceandsharethelove""",1
"""oracle""",1
"""top100kpopmembers""",2
"""satanic""",1
"""pets""",2
"""manstreet""",1
"""arvr""",1
"""elonmusk""",2
"""plism""",1
"""nftcommunity""",2
"""arglasses""",1
"""æ¬²å§å¤§èµ›""",1
"""æ„›ã¸ã‚‹""",1
"""computeblade""",1
"""Ø§Ù…Ù¾ÙˆØ±Ù¹Úˆ_Ø­Ú©ÙˆÙ…Øª_Ù†Ø§Ù…Ù†Ø¸ÙˆØ±""",1
"""maandpaws""",1
"""ã‚¯ãƒ¼ãƒãƒ³""",1
"""å¼•æ›åˆ¸""",1
"""jrpg""",1
"""boardgames""",1
"""musk""",4
"""videogiochi""",1
"""shanghÃ¡i""",1
"""consumers""",1
"""ccp""",1
"""micron""",1
"""sspn""",1
"""external""",1
"""kuo""",1
"""madhavfashion""",1
"""narzon55arrivingtomorrow""",2
"""masslasongoutnow""",4
"""soniagandhi""",17
"""bird""",1
"""birdwatching""",1
"""antitrustprobe""",1
"""ucl""",2
"""icymi""",2
"""playlists""",1
"""smart""",1
"""educate""",2
"""newsupdate""",16
"""detox""",1
"""applecidervinegardetox""",1
"""tonercukaapel""",1
"""nowwatching""",2
"""iphone11promax""",1
"""ontap""",1
"""spiderman""",1
"""ceo""",4
"""yukihirotakahashi""",1
"""accessories""",3
"""gearlatest""",1
"""applewatchà¸¡à¸·à¸­à¸ªà¸­à¸‡""",4
"""vivot2""",1
"""megapariturkey""",1
"""kv""",1
"""pluus""",1
"""forthestresspodcast""",1
"""shredder""",1
"""latestnews""",1
"""comments""",1
"""drawing""",3
"""à¸à¸±à¸à¸Šà¸²à¸à¸—à¸¡""",1
"""à¸­à¸±à¸”à¹à¸—à¹ˆà¸‡""",1
"""à¸à¸±à¸à¸Šà¸²à¸šà¸²à¸‡à¹à¸ªà¸™""",1
"""smell""",1
"""honeysuckles""",1
"""pawdcast""",1
"""wirelesscharger""",1
"""eris""",1
"""jul""",1
"""à¤®""",2
"""à¤®à¤°à¤¾à¤ à¥€""",2
"""wrathofthedragon""",1
"""rnb""",2
"""rnbsoul""",1
"""å¯çˆ±å…”""",2
"""ä¹–ä¹–""",2
"""dfs""",1
"""adventurersneednotapply""",2
"""superlowenergymode""",1
"""ãƒ¬ãƒãƒŠã‚¹""",1
"""nbatwitter""",1
"""pharmsohard""",1
"""dincao20anos""",1
"""bookworm""",2
"""booklover""",2
"""booksale""",2
"""kenya""",1
"""jo1playlist_apple""",2
"""shopee""",1
"""smartphone""",13
"""handy""",1
"""deltacorp""",1
"""abbindia""",1
"""granulesindia""",1
"""brand""",1
"""bajajauto""",1
"""tatasteel""",1
"""shadowsintheattic""",1
"""ghost""",1
"""cartoon""",1
"""believe""",1
"""serendipity""",1
"""carinos""",1
"""ã‚¢ã‚·ã‚¿ãƒã‚«ãƒ¬ãƒƒã‚¸""",1
"""sm8628149""",1
"""irobinpro""",1
"""teachingtips""",2
"""Ğ¼Ğ°ÑĞºĞ°""",4
"""jisoo""",4
"""beyondbrunel""",1
"""forextrading""",1
"""aaatrade""",1
"""risd""",1
"""nr1italia""",1
"""lamtu""",1
"""apesnotleaving""",1
"""book""",4
"""cstictv""",1
"""à¸à¸±à¸à¸Šà¸²à¸­à¸¡à¸•à¸°à¸™à¸„à¸£""",1
"""climatecrisis""",1
"""domesticabuse""",1
"""æ˜¥ã‹ã‚‰ãƒãƒ å¤§""",1
"""produce""",1
"""nobody_like_you""",1
"""moviles""",9
"""xataka""",9
"""eyewear""",1
"""motorola""",1
"""accra""",2
"""innovaciÃ³n""",1
"""promoÃ§Ã£o""",1
"""cute""",3
"""bailu""",1
"""securitysecurityadvice""",2
"""mileycyrus""",1
"""flowers""",1
"""hannibal""",1
"""tattoodesign""",1
"""r6siege""",1
"""thegadgetmastergh""",8
"""gift""",3
"""youtubeshorts""",2
"""customerexperience""",2
"""seamossgelcinnamon""",1
"""iphonetricks""",1
"""iphonetips""",1
"""stepn""",1
"""realestate""",2
"""sligo""",1
"""newepisode""",4
"""gin""",1
"""starving""",1
"""costofliving""",1
"""laporankeuanganappleq12023""",1
"""novitÃ """,1
"""scorciatoie""",1
"""watchos""",2
"""metalcore""",1
"""groovemetal""",1
"""numetal""",2
"""ansa""",4
"""dice""",1
"""Ø§Ù„Ù…Ø±ÙƒØ²_Ø§Ù„ÙˆØ·Ù†ÙŠ_Ù„Ù„Ø§Ø³ØªØ¹Ø¯Ø§Ø¯_Ù„Ø·ÙˆØ§Ø±Ø¦_Ø§Ù„Ø­Ø§Ø³Ø¨Ø§Øª_ÙˆØ§Ù„Ø´Ø¨ÙƒØ§Øª""",1
"""careeradvice""",1
"""consulting""",1
"""texas""",1
"""hzmgames""",1
"""fujifilm""",1
"""magsafe""",1
"""developers""",2
"""springblossoms""",1
"""berkeleycountywv""",1
"""shotty""",2
"""wheein""",1
"""íœ˜ì¸""",1
"""primeday""",1
"""landscape""",1
"""orange""",1
"""insight""",1
"""à¸ªà¹ˆà¸‡à¸•à¹ˆà¸­à¹à¸­à¸›à¹€à¸›à¸´à¹‰à¸¥à¸§à¸­à¸Š""",1
"""playnow""",1
"""domoviesright""",1
"""digitalsovereignty""",1
"""shrek""",1
"""opinion""",1
"""posthardcore""",1
"""tvshows""",1
"""challenge""",2
"""avatars""",2
"""color""",2
"""à¸ªà¹ˆà¸‡à¸•à¹ˆà¸­iphone""",1
"""synclicensing""",1
"""draycottabbeyseries""",1
"""primevideo""",2
"""watchfaces""",1
"""giveawayalert""",1
"""sweepstakes""",3
"""versatilevishweshwarreddy""",1
"""dogs""",1
"""5ivelive""",1
"""guard""",1
"""python""",3
"""mygateapp""",1
"""bbb223""",1
"""potstocks""",2
"""happyeaster2023""",1
"""puq""",1
"""headphones""",1
"""cases""",1
"""vtuber""",2
"""haiku""",1
"""poetry""",1
"""hardware""",2
"""fastcharging""",1
"""longlasting""",1
"""store""",5
"""verge""",1
"""chackmark""",1
"""webãƒ‡ã‚¶ã‚¤ãƒŠãƒ¼ã¨ç¹‹ãŒã‚ŠãŸã„""",1
"""Ø§Ù…Ø±_Ù…Ù„ÙƒÙŠ""",1
"""gqp""",1
"""backto""",1
"""onefinemorning""",1
"""onecooltip""",1
"""popnieuws""",1
"""buidl""",1
"""updates""",1
"""stores""",1
"""destroying""",1
"""bbunker""",1
"""bbcwato""",1
"""iphone15promax""",2
"""togethermv""",3
"""hhn""",1
"""edm""",1
"""wfmrt""",1
"""bharatnirman""",1
"""vulnera""",1
"""applegrafting""",1
"""leftandright""",1
"""intune""",1
"""video_games""",1
"""iphone11""",2
"""animalcrossingnewhorizons""",1
"""snail""",1
"""joshua""",1
"""braceup""",1
"""ã‚µã‚¯ãƒ©""",1
"""ãƒ¤ã‚¨ã‚¶ã‚¯ãƒ©""",1
"""lunchpun""",1
"""ã‚¯ãƒªã‚¨ã‚¤ãƒ†ã‚£ãƒ–""",1
"""emotional""",1
"""ã¾ã„ã«ã¡ãƒ”ã‚¯ãƒŸãƒ³ãƒ–ãƒ«ãƒ¼ãƒ """,1
"""ãƒãƒ¢ãƒ‰ãƒ¼ãƒ­""",1
"""ãƒ©ã‚¤ãƒ•ãƒãƒƒã‚¯""",1
"""sfgiants""",1
"""bluejays""",2
"""studyabroadtips""",1
"""preview""",1
"""zombies""",1
"""anonymous""",4
"""succession""",1
"""peach""",1
"""mango""",1
"""happytuesday""",1
"""electroflesh""",1
"""artist""",1
"""polestar3""",1
"""itunes_online""",1
"""shalatree""",1
"""flower""",1
"""leaf""",1
"""gafam""",1
"""inclusion""",2
"""troma""",1
"""techbasenigeria""",2
"""loveaajkal""",1
"""iam""",1
"""copywriting""",1
"""copywriter""",1
"""loavesofbun""",1
"""au""",1
"""greaterevil""",1
"""aespa""",6
"""mercato""",1
"""overã‚¢ãƒƒãƒ—ãƒ«""",1
"""who_xiuminxeunha""",1
"""laidbarepodcast""",1
"""nsa""",1
"""vishuoffers""",1
"""speedpaintà¸‚à¸­à¸‡à¸„à¸¸à¸“à¸šà¸±à¸™""",1
"""milkbkk""",1
"""wwdc23""",1
"""appleupdate""",1
"""babies""",2
"""other""",3
"""catnews""",1
"""tools""",1
"""ãƒ€ã‚¤ã‚¨ãƒƒãƒˆ""",1
"""orbitos""",1
"""virat""",1
"""appletrees""",1
"""vssdaily""",1
"""å¯¸æ­¢""",1
"""åå·®""",1
"""è¥¿ç•‘å¤§å¾""",1
"""area613""",1
"""jahreshoch""",1
"""é€‰æ‹©æ€§è„±é’©""",1
"""reshapetourism""",1
"""chromebooks""",1
"""è¬å±‹""",1
"""jeans""",1
"""iphone_6s""",1
"""phuckhangmobile""",1
"""é“ç«¯ãƒ‰ã‚³ã‚«ã®è¿·ã„é“""",1
"""iphonewallpaper""",1
"""fireboy""",2
"""nannyme""",1
"""ã‚ªãƒ³ãƒ©ã‚¤ãƒ³""",1
"""à¤­à¥à¤°à¤·à¥à¤Ÿà¤¾à¤šà¤¾à¤°_à¤–à¤¿à¤²à¤¾à¤«_à¤ªà¤¾à¤¯à¤²à¤Ÿ""",6
"""tips""",1
"""warmdenish""",1
"""careem""",1
"""hpinc""",1
"""gamefi""",1
"""livestreamingtips""",1
"""ripà¹„à¸­à¸”à¸­""",1
"""5waystobewell""",2
"""vanoftheweek""",1
"""ducato""",1
"""fiatducato""",1
"""å¤§é ˆ""",1
"""å²é˜œ""",1
"""ä¸‰é‡""",1
"""switch""",1
"""è²·å–æƒ…å ±""",1
"""gu""",2
"""ã¿ã›ã™""",1
"""æœ‰å„Ÿä¾é ¼""",1
"""nhl""",1
"""iheart""",1
"""taylorswift""",1
"""movie""",1
"""auto""",1
"""waltdisney""",1
"""xeber""",1
"""ã‚ã‚“ã§ã„""",2
"""iridescent""",1
"""donipagÄ±da""",1
"""à¸ªà¸à¸´à¸™à¹à¸„à¸£à¹Œà¹€à¸à¸²à¸«à¸¥à¸µ""",1
"""minileddisplay""",1
"""lyklukapp""",1
"""vivlio""",2
"""timcooktovisitindia""",1
"""Ø£Ø¨Ù„""",1
"""junglejuice""",1
"""dcfc""",1
"""rams""",1
"""toshiba""",1
"""extrusion""",1
"""rapper""",1
"""italy""",1
"""costarica""",1
"""thepixies""",1
"""ãƒ”ã‚¯ã‚·ãƒ¼ã‚º""",1
"""æŠ–å¨˜åˆ©ä¸–""",1
"""éº»é…¥é…¥å“Ÿ""",1
"""bist100""",1
"""investieren""",1
"""stopwar""",1
"""applestores""",1
"""vitamin""",1
"""pulses""",1
"""ã¿ã‘ã­ã“ãƒ©ã‚¸ã‚ª""",1
"""airtags""",2
"""maroc""",1
"""politics""",1
"""politic""",1
"""vÃ¶ller""",1
"""g""",1
"""à¸•à¸¥à¸²à¸”à¸™à¸±à¸”à¹€à¸­à¸™à¹„à¸®à¹€à¸à¸™""",1
"""ä»‹è­·å£«""",1
"""æ™´å­å…”""",1
"""å¼ é‘«""",1
"""æœå„¿""",1
"""nothingos""",1
"""iphone15plus""",1
"""hazelldean""",1
"""indianstockmarket""",1
"""goodreturnstelugu""",1
"""giustizia""",1
"""wolterskluweritalia""",1
"""avvocati""",1
"""é€±åˆŠãƒãƒ³ã‚¬ç£""",1
"""applestore""",41
"""amazonmusic""",4
"""libra""",2
"""zodiac""",2
"""whisperingmoontarot""",2
"""ios165""",1
"""screenshotsl""",1
"""spotify""",47
"""airpods""",26
"""discount""",2
"""techdeals""",2
"""ios""",113
"""like4like""",9
"""innovation""",31
"""iphone2g""",1
"""workstation""",1
"""apidays""",1
"""podcast""",63
"""chiropracticconversation""",1
"""comedian""",1
"""aiart""",62
"""digitalart""",60
"""accesories""",1
"""abuja""",1
"""portfolioday""",3
"""stevejobs""",22
"""royalehigh""",1
"""99cents""",2
"""failedpredictions""",1
"""sxsw""",1
"""tastetheluxury""",1
"""lostvguias""",1
"""trading""",2
"""binaryoptions""",1
"""zonauang""",24
"""ä¸ƒä¸ƒåœ¨è¿™""",1
"""forum""",1
"""slovenija""",1
"""fandom""",1
"""å‰µé€ æ€§""",3
"""æ¥½ã—ãå­¦ã¹ã‚‹""",3
"""ã‚­ãƒƒã‚ºã‚¢ãƒ—ãƒª""",3
"""creativity""",1
"""india""",40
"""emergingmarkets""",1
"""danish""",1
"""applesaket""",23
"""cryptocommunity""",2
"""applepronews""",2
"""bigcorpsucks""",1
"""æ˜Ÿé‡æºann""",2
"""vulnerabilities""",7
"""ì„¸ë¸í‹´""",3
"""doverlotto""",1
"""ë¹„ì•„ì´""",3
"""marketing""",8
"""parakeet""",1
"""pasarseventeenmy""",2
"""breaking""",2
"""ğ…ğšğ¥ğ¥ğğ§ğŒğ¢ğ¬ğŸğ¢ğ­ğ‹ğ¨ğ¬ğ­_photo""",1
"""fml_d12""",3
"""midjourney""",5
"""appletvplus""",10
"""supermariobrosmovie""",4
"""networking""",2
"""videoadvertising""",1
"""ahead""",1
"""nasdaqaapl""",1
"""webdesigner""",1
"""3dprinting""",1
"""3dsmax""",1
"""dailyshortcut""",1
"""finalcutprox""",1
"""fail""",1
"""fruitpainting""",1
"""realme11proseries""",2
"""edc""",1
"""podcasting""",8
"""knife""",1
"""pocketdump""",1
"""blog""",3
"""life""",3
"""engineeri""",1
"""onedayatatime""",1
"""archer""",1
"""mrsgreenapple""",6
"""startrekpicard""",1
"""barn""",3
"""spel""",3
"""snl""",1
"""nook""",5
"""pianiaziendali""",1
"""asmsg""",3
"""kindle""",2
"""readingcommunity""",2
"""contemporary""",1
"""food""",2
"""dishapatani""",9
"""acoustic""",1
"""federal""",2
"""inkspellpublishing""",1
"""authorlife""",1
"""bookrelease""",1
"""internship""",1
"""lawtwitter""",1
"""cisakev""",1
"""mytwoapplestore""",2
"""macnews""",1
"""threathunting""",6
"""spring""",5
"""ãƒ•ã‚©ãƒ­ãƒ¼ã—ã¦""",1
"""ã‚¢ãƒ¼ãƒˆä½œå“""",1
"""a""",1
"""courage""",1
"""digital""",4
"""honorata""",1
"""horror""",4
"""ã‚ªãƒ¼ãƒ«ãƒŠã‚¤ãƒˆãƒ‹ãƒƒãƒãƒ³""",2
"""ebooks""",6
"""zonabu""",1
"""cinemavillains""",1
"""whoop""",1
"""photooftheday""",1
"""notimac""",5
"""ä¸‰å®…å¥""",1
"""scobeywan""",1
"""prpodcast""",1
"""à¸•à¸¥à¸²à¸”à¸™à¸±à¸”à¹€à¸”à¹‡à¸à¸ªà¸¡à¸šà¸±à¸•à¸´""",4
"""publicidad""",3
"""vampire""",1
"""desire""",1
"""watchos10""",4
"""usstocks""",1
"""stillwaterstavern""",1
"""pmln""",1
"""jonfavreau""",1
"""stock""",5
"""writers""",1
"""applenotes""",2
"""thebrokersitebroadcast""",6
"""methods""",1
"""svengoolie""",1
"""chronicpain""",2
"""outage""",2
"""ioe""",1
"""reduction""",1
"""paschere""",1
"""piphone""",1
"""ipados""",7
"""ipadmini""",4
"""airpodspro""",5
"""unlockyourpotential""",1
"""digilosofia""",4
"""shakur""",1
"""teddyatlas""",1
"""ã¯ã¦ãªãƒ–ãƒ­""",1
"""txt""",3
"""hex""",1
"""hacked""",5
"""mobiledevices""",1
"""nftnyc""",2
"""brokerinversiÃ³n""",1
"""pcgaming""",3
"""mvà¸šà¸£à¸£à¹€à¸—à¸²""",3
"""à¸•à¸¥à¸²à¸”à¸™à¸±à¸”blackpink""",2
"""minecraft""",1
"""currency""",1
"""tgfamily""",1
"""pilot""",1
"""vr""",7
"""ãƒ¢ãƒ¼ãƒ‹ãƒ³ã‚°å¨˜23""",1
"""suchwita""",3
"""applebooks""",4
"""lunc""",1
"""lunccommunity""",1
"""optionstrading""",11
"""turkcepodcast""",1
"""podcastdinle""",1
"""filetofish""",1
"""disney""",6
"""à¹€à¸•à¸´à¸¡à¹€à¸«à¸£à¸µà¸¢à¸readawrite""",1
"""à¸£à¸µà¸”à¸­à¸°à¹„à¸£à¸—à¹Œ""",1
"""ç¹‹ãŒã‚‰ãªãã¦ã„ã„ã‹ã‚‰ä¿ºã®è‹¥äº•æ»‰æ–—ã‚’è¦‹ã¦ãã‚Œ""",1
"""streamandbuylcxpp2""",1
"""ì‹œë¡œì¿ ë¡œë¯¸ì–´ìº£""",1
"""aveshkhan""",5
"""rowdyrathore2""",16
"""samsungindia""",1
"""aleagueoftheirown""",1
"""morethanfour""",1
"""geek""",4
"""regalo""",1
"""transformation""",1
"""magic""",1
"""independentartist""",1
"""airisuzuki""",1
"""metaverse""",8
"""soccer""",1
"""mls""",2
"""media""",3
"""marketnews""",1
"""theowlhousefanart""",1
"""horrorsans""",1
"""suppliesonetsy""",1
"""yangyang""",1
"""daebakshow""",1
"""easterrecipes""",1
"""kweats""",1
"""ã‚ã‚‹ã‚†ãˆ""",1
"""30thspringwithsehun""",1
"""streetsidebrewery""",1
"""cavern""",2
"""mccartney""",2
"""wired""",2
"""applevoscreencase""",2
"""æ˜Ÿä¹ƒå¤¢å¥ˆ""",1
"""nitromicrophoneunderground""",1
"""poco""",1
"""caramelapples""",1
"""mobileforensics""",1
"""doordash""",1
"""tritownchamber""",1
"""blueberry""",1
"""altpop""",1
"""indie""",1
"""postpunk""",1
"""xdr""",6
"""æ¨è¶…è¶Š""",1
"""techthrowback""",1
"""nutrition""",2
"""ã‚®ã‚¿ãƒ¼ãƒˆãƒªã‚ª""",1
"""legalnews""",1
"""envyapples""",1
"""cheese""",1
"""freshfruit""",1
"""monopolove""",1
"""digitalinclusion""",1
"""fooddelivery""",1
"""vrbo""",1
"""lieferanten""",1
"""jussmeyvesuyu""",1
"""otome""",1
"""indiedev""",1
"""cactusboom""",1
"""trees""",1
"""who""",1
"""healthykitchen""",1
"""nutritional""",1
"""fitness""",2
"""positivity""",1
"""gamblingtwitter""",3
"""aktie""",1
"""elumnt""",1
"""carbonneutral""",1
"""twocheckmate""",1
"""decouple""",1
"""ì§„""",1
"""spurs""",1
"""targeting""",1
"""nature""",8
"""wildlife""",2
"""antitrustcase""",1
"""betwaygang""",1
"""tecnology""",5
"""informatica""",6
"""app""",13
"""sicurezza""",5
"""fox""",1
"""ledger""",1
"""à¹€à¸¡à¹‰à¸²à¸ªà¹Œà¸¡à¸·à¸­à¸ªà¸­à¸‡""",1
"""microsoftsurface""",1
"""networksecurity""",1
"""guitar""",2
"""applewatchà¸¡à¸·à¸­2""",2
"""vivoy78""",1
"""90s""",1
"""nostalgic""",1
"""throwback""",1
"""ipod""",1
"""paypayãƒ•ãƒªãƒ""",2
"""internationalnews""",1
"""timeless""",2
"""homecooking""",1
"""azaharskitchen""",1
"""interiordesign""",1
"""à¸œà¸¹à¹‰à¸«à¸à¸´à¸‡à¸‚à¸²à¸¢à¸à¸±à¸à¸Šà¸²""",1
"""à¸”à¸­à¸à¹„à¸¡à¹‰à¹€à¸¡à¸²""",1
"""à¸à¸±à¸à¸Šà¸²à¹€à¸Šà¸µà¸¢à¸‡à¹ƒà¸«à¸¡à¹ˆ""",1
"""à¸”à¸­à¸™à¹€à¸¡à¸·à¸­à¸‡""",1
"""coffee""",1
"""starwarscelebration2023""",1
"""secretinvasion""",1
"""onlineshopping""",1
"""xiaozhan""",1
"""bugbounty""",1
"""rapmusÄ±c""",1
"""jké“ƒæœ¨å¸Œå­""",2
"""knight""",1
"""neutral""",1
"""rpg""",2
"""ttrpg""",2
"""appleleak""",1
"""promax""",1
"""restaurantbusiness""",1
"""qalbox""",1
"""steroids""",1
"""winthemorningwintheday""",1
"""yahooãƒ‹ãƒ¥ãƒ¼ã‚¹""",3
"""trademark""",1
"""chatbot""",4
"""designinspiration""",1
"""thrillerbooks""",1
"""bookdeal""",2
"""therighttime""",1
"""u2""",1
"""historicalmystery""",1
"""arthistory""",1
"""newrelease""",1
"""glteam""",1
"""justindedios""",4
"""niftybank""",8
"""imod""",2
"""à¸‚à¸­à¸‡à¸¡à¸±à¸™à¸•à¹‰à¸­à¸‡à¸¡à¸µ""",1
"""kandinsky""",1
"""fy""",1
"""testing""",1
"""advertising""",1
"""stem""",3
"""stemforkids""",2
"""stemhistory""",2
"""ğ…ğˆğ‘ğ„ğğ„ğ–ğ’""",1
"""southwest""",1
"""today""",1
"""mrs""",2
"""ãƒãƒƒãƒˆãƒ©ã‚¸ã‚ª""",1
"""recommended4bo""",1
"""twitterclarets""",1
"""actionbuttonentertainment""",1
"""positivethinking""",1
"""gothamknights""",1
"""axioslogin""",1
"""applemusicclassical""",1
"""unleashyouredge""",1
"""swisherpodcast""",1
"""outlet""",1
"""bigtech""",2
"""trauma""",1
"""narcissisticabuse""",1
"""lufick""",1
"""æ˜¥ã‹ã‚‰å¤§é˜ªå…¬ç«‹å¤§""",1
"""huawei""",2
"""cozymystery""",1
"""thesims4mods""",1
"""å…­ç­‰æ˜Ÿ""",1
"""born_gene""",1
"""opticienvisagiste""",1
"""anthologies""",1
"""random""",1
"""applepencil2""",2
"""heygoogle""",1
"""kittensoftwitter""",1
"""iphonephotography""",1
"""teamiphone""",1
"""æ¥½å¤©ãƒ¢ãƒã‚¤ãƒ«""",5
"""applemusicworld""",1
"""technicalsagar""",1
"""bee""",1
"""tattoolife""",1
"""tattoostyle""",1
"""fluper""",1
"""iphoneappdevelopment""",1
"""newproduct""",1
"""enunminuto""",2
"""æ–°ç”Ÿæ´»ã§è²·ã£ã¦ã‚ˆã‹ã£ãŸã‚‚ã®""",1
"""qqq""",1
"""ã‚¦ã‚§ã‚¶ãƒ¼ãƒ‹ãƒ¥ãƒ¼ã‚¹live""",1
"""techgeek""",1
"""techupdates""",2
"""ã‚¸ãƒ§ã‚®ãƒ³ã‚°""",1
"""mustread""",1
"""jaemindeservebetter""",2
"""fmtour""",1
"""telegram""",2
"""tvshow""",1
"""à¸•à¸¥à¸²à¸”à¸™à¸±à¸”à¹€à¸”à¹‡à¸à¸«à¸¥à¸‡""",3
"""surface""",1
"""ãƒãƒ„ã‚³ã®çŸ¥ã‚‰ãªã„ä¸–ç•Œ""",2
"""sibersaldÄ±rÄ±""",1
"""thesitereport""",1
"""ui""",1
"""femalefounders""",1
"""pcs""",1
"""lottery""",1
"""mandatecult""",1
"""greece""",1
"""vladhu""",1
"""sportstroutines""",1
"""ipadexperience""",1
"""pentipslite""",1
"""confidence""",1
"""fresh""",1
"""nmsuican""",1
"""almostheaven""",1
"""newyork""",2
"""neverstop""",1
"""livetopia""",1
"""freaknikdocumentary""",1
"""keÅŸfetteyiz""",1
"""caprinospizza""",1
"""stranger""",1
"""sterkinekor""",1
"""halfpricetuesday""",1
"""amdg""",1
"""rcbvlsg""",1
"""mixture""",1
"""applications""",2
"""article""",4
"""articles""",6
"""communication""",2
"""ä½é‡å¿ƒéŸ³""",3
"""chrome""",2
"""dominospizza""",1
"""movietrailers""",1
"""movietrailer""",1
"""cybersecurityawareness""",1
"""makeinindia""",2
"""mytwitteranniversary""",1
"""pregnancy""",14
"""æ£®å±±ç›´å¤ªæœ—""",1
"""doglover""",1
"""captainamerica""",1
"""marvelgames""",1
"""100daysofcode""",1
"""safety""",1
"""secure""",1
"""celular""",1
"""ondeacha""",1
"""vainafe""",1
"""ma""",1
"""yeji""",1
"""coronavirus""",1
"""washingtonpost""",1
"""cnbc""",1
"""fruits""",1
"""international""",2
"""nflfreeagency""",1
"""prayagraj""",1
"""fptech2""",1
"""developer""",2
"""speechassistance""",1
"""allnatural""",1
"""virtualassistant""",1
"""ghs""",1
"""utility""",1
"""nobears""",1
"""hamzastoresn""",1
"""senegal""",1
"""rbcheritage""",3
"""cbi""",1
"""wato""",5
"""fearmovie""",1
"""à¸•à¸¥à¸²à¸”à¸™à¸±à¸”ive""",1
"""hhnforever""",1
"""museboost""",1
"""aiartprocess""",1
"""çµµ""",1
"""shimla""",1
"""kotkhai""",1
"""undawn""",1
"""undawngame""",1
"""gabrielsinferno""",1
"""jamf""",1
"""helpnetsecurity""",1
"""acast""",2
"""kostenlos""",1
"""faithindailylife""",1
"""newpodcastepisode""",1
"""beready""",1
"""sakura""",1
"""à¸™à¸§à¸”à¸™à¸­à¸à¸ªà¸–à¸²à¸™à¸—à¸µà¹ˆ""",1
"""à¹€à¸ˆà¹Šà¸”à¸±à¸™à¸­à¸­à¸™à¹„à¸¥à¸™à¹Œ""",1
"""amsterdam""",2
"""applerepairs""",1
"""nassau""",1
"""wearecisco""",2
"""housingsupply""",1
"""compu""",1
"""í¬ëª¨ë„ë¡œ""",1
"""padres""",1
"""mets""",1
"""nationals""",1
"""studyabroadlife""",1
"""trustacrossamerica""",1
"""appledown""",2
"""Ğ±Ğ°Ñ…Ğ¼ÑƒÑ‚""",1
"""telegramgroup""",1
"""happyending""",1
"""warum""",1
"""kale""",1
"""howtosavealife""",1
"""newsupdates""",5
"""dateline""",1
"""chainsawman""",1
"""dstvivorycoast""",1
"""techindustry""",1
"""conxtdthinking""",1
"""meridianbet""",1
"""à¤µà¤¿à¤¨à¤¿à¤°à¥à¤®à¤¾à¤¤à¤¾""",1
"""à¤°à¤¿à¤Ÿà¥‡à¤²_à¤¸à¥à¤Ÿà¥‹à¤°""",1
"""retail_store""",1
"""beautiful""",3
"""à¸Šà¹ˆà¸§à¸¢à¹€à¸«à¸¥à¸·à¸­à¸œà¸¹à¹‰à¹ƒà¸Šà¹‰iphone""",6
"""berlin""",1
"""monterey12""",1
"""mrgrimezpoetwarrior""",1
"""agentcarter""",1
"""captaincarter""",1
"""theworldsnumberonecider""",1
"""marcapersonal""",1
"""theprintam""",1
"""bark""",1
"""branch""",1
"""stick""",1
"""techfeedng""",2
"""mont""",1
"""khakee""",1
"""nachrichten""",1
"""Ù…Ù†ØµØ©_Ø£ÙƒØ«Ø±""",3
"""unicorn""",1
"""smarthomedevices""",1
"""team_naraku""",1
"""sa""",1
"""genx""",1
"""shivthakare""",3
"""mini""",1
"""dailymail""",1
"""xiumin""",1
"""vishu2023""",1
"""watchse""",1
"""buyfromtecq""",1
"""redapple""",1
"""ncdailychallenge""",1
"""ripkatiecotton""",1
"""gtmbar""",1
"""appleiphone15pro""",1
"""cdn""",2
"""musicstreaming""",1
"""vr4smallbiz""",1
"""lovearchalbum""",1
"""windows""",2
"""turnmeup""",1
"""ã‚¸ã‚§ãƒ ã‚½ãƒ³twitterã‚­ãƒ£ãƒ³ãƒšãƒ¼ãƒ³2023æ˜¥""",1
"""å¥³m""",1
"""å¥³é™ªç©""",1
"""å­—æ¯åœˆ""",1
"""diseno""",1
"""metaplatforms""",1
"""æ— é”¡""",1
"""experiences""",1
"""tourism""",1
"""leftcover""",1
"""canalys""",2
"""ãªã¤çŒ«èˆæ—¥è¨˜""",1
"""applestoreindelhi""",2
"""bpinklegit""",1
"""rfk""",2
"""jfk""",2
"""lbj""",1
"""ppkritfireboy""",2
"""ppkrità¸¥à¸±à¸‡à¹€à¸¥""",1
"""inã‚¼ãƒªãƒ¼ã‚¯ãƒªã‚¢""",1
"""ã‚¢ãƒ—ãƒª""",1
"""nirmalasitharaman""",4
"""sanrio""",1
"""pink""",1
"""minori_burlesque""",1
"""defi""",1
"""valor""",1
"""userguide""",1
"""ebandoÃ©seagora""",1
"""à¸„à¸ªà¸­à¹€à¸à¸²à¸«à¸¥à¸µ""",1
"""johnwicknow""",1
"""vanforsale""",1
"""van""",1
"""leftfieldbeer""",1
"""stout""",1
"""timkook""",1
"""å¤§æ£®å…ƒè²´""",1
"""freshneverfrozenbeef""",1
"""supplychains""",1
"""stencil""",1
"""spraypaint""",1
"""ambientmusic""",2
"""mhma2023jungkook""",1
"""hymprudious""",1
"""compatibledevicesforappleios""",1
"""à¸¢à¸´à¹‰à¸¡à¸—à¸±à¹‰à¸‡à¸™à¹‰à¸³à¸•à¸²""",1
"""bbillkin""",1
"""forcejs""",1
"""cine""",1
"""lezzet""",1
"""shortreads""",1
"""peripheral""",1
"""ningningshinesatkverse""",1
"""agora""",1
"""glasgow""",1
"""alexferguson""",1
"""justone""",1
"""belties""",1
"""è‡¨åºŠå¿ƒç†å£«""",1
"""certified""",1
"""techycompany""",1
"""timcooktolaunchapplestoresinindi""",1
"""feni""",2
"""cashewfeniprocess""",2
"""jinmenusagi""",1
"""penart""",1
"""indelhi""",1
"""sciencefiction""",3
"""depot""",1
"""æ–°å®¿æ‰‹æŠ¼ã—""",1
"""é‡èœæ‰‹æŠ¼ã—""",1
"""jiangmen""",1
"""vfx""",1
"""unsc""",1
"""wellnesstips""",1
"""vegan""",1
"""beans""",1
"""weightloss""",1
"""ã‚­ãƒ©ãƒƒã¨ãƒ—ãƒªãƒãƒ£ãƒ³""",1
"""iphone13mini""",2
"""sues""",1
"""è’¼é‡èŠ½è¡£""",1
"""timhortons""",1
"""shandar""",1
"""indiatvtech""",3
"""ã†ã•ãæ—¥è¨˜""",1
"""nanamusic""",1
"""greenapple""",1
"""sahara""",1
"""smallbusiness""",1
"""mumbaipolice""",6
"""pro""",1
"""techlover""",1
"""nfc""",1
"""ç™¾è¶³""",1
"""éŸ»ãƒãƒ³""",1
"""taniyuuki""",1
"""ç½å®³å¯¾ç­–""",1
"""ccccpodcast""",1
"""marketingtips""",1
"""networkmarketing""",1
"""onlin""",1
"""ã‚ªãƒ¼ãƒ«ãƒ•ãƒªãƒ¼ä¼‘è‚éƒ¨""",1
"""ä¸è§æ˜Ÿç©º""",1
"""à¸ªà¹ˆà¸‡à¸•à¹ˆà¸­à¹à¸­à¸£à¹Œà¸à¸­à¸”""",1
"""brk""",1
"""whisky""",1
"""paperbacks""",1
"""applenewsroom""",1
"""workforce""",1
"""samsungrepair""",1
"""mobilerepair""",1
"""applerepair""",3
"""cert""",2
"""taurus""",2
"""wallpaper""",3
"""applewatch""",33
"""applewatch8""",1
"""earbuds""",2
"""dealoftheday""",4
"""google""",64
"""robotics""",36
"""mac""",45
"""desatan""",1
"""news""",58
"""universe""",1
"""deskdecor""",1
"""chiroway""",1
"""chiropractic""",1
"""learnmore""",1
"""appleæ•´å‚™å“""",7
"""m2æ­è¼‰""",3
"""comedy""",5
"""nightcafe""",58
"""denji""",2
"""temu""",2
"""nintendoswitch""",1
"""oppo""",3
"""likecrazy""",7
"""m1chip""",1
"""tunein""",11
"""swiftkey""",1
"""familydrama""",1
"""epitheterased""",1
"""crypto""",13
"""yr""",1
"""anime""",2
"""climate""",1
"""management""",1
"""informationsecurity""",5
"""csm126""",1
"""bitcoins""",1
"""bitcoincash""",1
"""novigonews""",1
"""russiaisaterroriststate""",1
"""towerfastenerseu""",1
"""music""",18
"""smsèªè¨¼ä»£è¡Œ""",2
"""iphone15""",19
"""iphones""",1
"""appleedu""",1
"""mannabakery""",1
"""yyt""",1
"""stjohns""",1
"""hiphop""",7
"""applefail""",1
"""swiftui""",3
"""playlist""",1
"""win""",22
"""buildinpublic""",2
"""cogolin""",1
"""grimaud""",1
"""playmunchkin""",1
"""seventeen""",5
"""ãƒ‘ãƒ‹ã‚·ãƒ³ã‚°""",1
"""ã­ã¡æ‹¡æ•£å¸Œæœ›""",4
"""ã´ã‚‹ã‚ã½æ‹¡æ•£å¸Œæœ›""",8
"""ariesrising""",1
"""younetflix""",1
"""lovebaseball""",1
"""strength""",1
"""france""",8
"""writing""",1
"""highdesert""",3
"""rumors""",3
"""gadget""",8
"""linkedin""",3
"""letsgrow""",1
"""optimism""",1
"""mobileaccessories""",1
"""applepainting""",1
"""artoftheday""",1
"""painting""",1
"""everydaycarry""",1
"""freelancer""",2
"""crew96""",1
"""gaming""",8
"""madeinzweplaylist""",1
"""sgglobal""",3
"""startup""",5
"""hr""",3
"""iot""",6
"""hrtech""",2
"""thegoldbergs""",1
"""unsignedartist""",2
"""deliciousfood""",1
"""startrek""",1
"""kreativitet""",3
"""novellas""",1
"""assemblaggio""",1
"""headset""",5
"""ian1""",2
"""romanticfantasy""",2
"""fatedmates""",2
"""gardeningtwitter""",1
"""allotment""",1
"""phillies""",1
"""gpu""",1
"""people_pt2""",8
"""artglass""",2
"""applesoftwarequality""",1
"""maddymaznaz""",42
"""formula1""",1
"""tudocelular""",3
"""cybernews""",15
"""techtips""",1
"""ä»Šæ—¥ã®1æš""",1
"""mlsseasonpass""",4
"""enthusiasm""",1
"""vocalist""",2
"""okc""",1
"""honoratagruzewski""",1
"""themandalorian""",1
"""ãƒãƒƒãƒ‰ã‚­ãƒ£ã‚¹ãƒˆ""",2
"""ijuin""",1
"""ä¸‰å››éƒann0""",1
"""rrr""",1
"""scottish""",5
"""books""",10
"""todayatapple""",2
"""beef""",1
"""bts""",4
"""applemumbai""",1
"""update""",5
"""globalmarket""",2
"""sistema""",3
"""ç¾è”å‚¨""",1
"""phone""",2
"""namaj2juicer""",1
"""apps""",10
"""equities""",1
"""watchlist""",1
"""ãƒ”ãƒ""",7
"""appleindia""",5
"""writingcommunity""",3
"""peterwilt""",1
"""live""",2
"""iubb""",1
"""nationalpetday""",4
"""bonplan""",2
"""biconomy""",1
"""hackers""",1
"""iphonenews""",3
"""ipados16""",2
"""macosventura""",2
"""applewatchseries9""",1
"""prodmgmt""",1
"""vteam""",2
"""giveaway""",9
"""take""",1
"""just""",1
"""darkhorse""",1
"""thinkaboutit""",1
"""è”¡æ–‡é’°""",1
"""íŠ¸ë ˆì €""",1
"""Ø£Ù…Ø§Ù†Ùƒ_Ù…Ø³Ø¤ÙˆÙ„ÙŠØªÙƒ""",2
"""science""",2
"""tl20""",1
"""freestory""",1
"""freereads""",1
"""æµ·å¤–ãƒ‰ãƒ©ãƒ""",1
"""msi""",1
"""50wordedit""",2
"""jornaldoscanyons""",1
"""ps5""",3
"""doctorwho""",1
"""games""",3
"""billboardracist""",10
"""billboardxenophobic""",6
"""afterparty""",1
"""omega""",1
"""upi""",1
"""czytaÅ‚em""",1
"""pr""",1
"""sciencemagazine""",1
"""erniebot""",3
"""godnighttuesday""",1
"""justsayin""",1
"""scribd""",3
"""bnbuzz""",1
"""hurricaneradiodetroit""",1
"""à¸›à¸²à¸à¸à¸²à¹„à¸­à¹à¸à¸”à¸¡à¸·à¸­à¸ªà¸­à¸‡""",3
"""à¸ªà¹ˆà¸‡à¸•à¹ˆà¸­applepencil""",7
"""applepencilgen1""",2
"""à¸¡à¸·à¸­à¸ªà¸­à¸‡""",1
"""komedipodcast""",1
"""turkiye""",1
"""bayern""",1
"""diabeteswarrior""",1
"""buildjakapan""",25
"""ã‚·ãƒ­ã‚¯ãƒ­ãƒŸãƒ¼ã‚¢ã‚­ãƒ£ãƒƒãƒˆ""",1
"""daydream""",1
"""emojipedia""",2
"""arynews""",1
"""ptsd""",1
"""cto""",1
"""à¸šà¸²à¸™à¸²à¸™à¹ˆà¸²""",1
"""retro""",2
"""applemacbookair""",1
"""swordandsorcery""",1
"""sfondi""",1
"""dailychallenge""",1
"""sotd""",2
"""fastfood""",1
"""etsyseller""",1
"""display27""",1
"""cyberthreats""",1
"""owv_jackpot""",1
"""tntflash""",1
"""safecellularphones""",3
"""house""",2
"""appleii""",2
"""starwarscelebration""",2
"""buscanomagalu""",1
"""è²¡é–¥å®¶ã®æœ«æ¯å­""",1
"""uber""",2
"""pie""",1
"""blindspotting""",1
"""æ¥½å¤©å¸‚å ´""",3
"""enc2023""",1
"""aitools""",2
"""podcasttools""",1
"""animation""",2
"""development""",1
"""appleinindia""",1
"""finanstwitter""",1
"""cti""",6
"""riskmanagement""",4
"""à¸«à¸¢à¸²à¸‡à¹€à¸Šà¸²à¹€à¸¢à¸§à¹ˆ""",1
"""innovativetechnology""",1
"""espalier""",1
"""ãƒãƒƒãƒ—ã‚¹""",1
"""fix""",2
"""german""",1
"""compliance""",1
"""holitdown""",2
"""foodforfoodies""",1
"""readerseeksromance""",1
"""loveandgames""",1
"""feedly""",5
"""foxbusiness""",2
"""foodie""",1
"""solarwinds""",1
"""dimensionalfund""",1
"""chic_sells""",1
"""schmigadoon""",2
"""electronicsstore""",1
"""meyvesuyu""",1
"""juss""",1
"""ãƒãƒ§ã‚³ãƒ¬ãƒ¼ãƒˆãƒ—ãƒ©ãƒãƒƒãƒˆ""",1
"""nonprofit""",1
"""gematria""",1
"""easterprice""",1
"""numerology""",1
"""cardgames""",1
"""ev""",2
"""stablediffusion""",1
"""taiwan""",4
"""healthysupplemente""",1
"""mma""",1
"""å­¦æ ¡ã§onenote""",1
"""å…è´¹èŠ‚ç‚¹""",5
"""è´¦å·æ‰¹å‘""",5
"""remembertosubscribe""",1
"""Ø§Ù„Ø¥Ø«ÙŠØ±ÙŠÙˆÙ…""",1
"""birding""",1
"""floridabirds""",1
"""idm""",1
"""thefreshlist""",1
"""pcexpander""",5
"""anjisalvacion""",1
"""womenindata""",2
"""empowerment""",2
"""mobilmania""",1
"""hottopics""",11
"""forumidex""",11
"""applemagicmouse""",1
"""appleth""",3
"""toxicbritishmedia""",1
"""iphonescreen""",1
"""appstore""",6
"""retweet""",1
"""public""",1
"""å°ç”°å£æœ‰å’²""",2
"""à¸™à¸²à¸¬à¸´à¸à¸²à¸¡à¸·à¸­à¸ªà¸­à¸‡""",3
"""wenews""",1
"""fiat""",2
"""ã‚¸ãƒŸãƒ³ã®ã‚¹ãƒŸãƒ³""",1
"""likecrazy_jimin""",1
"""trendingnews""",1
"""techtrends""",1
"""retrogames""",1
"""plantcest""",1
"""à¸•à¸¥à¸²à¸”à¸™à¸±à¸”à¹€à¸¡à¸™à¹à¸šà¸¡""",1
"""newjeans""",2
"""chargers""",1
"""cable""",1
"""cyprus""",1
"""organicwaste""",1
"""harden""",1
"""à¸à¸±à¸à¸Šà¸²""",2
"""à¸à¸±à¸à¸Šà¸²à¸­à¸­à¹à¸à¸™à¸´à¸„""",1
"""à¸”à¸­à¸og""",1
"""à¸à¸±à¸à¸Šà¸²à¸ªà¸à¸¥""",1
"""throne""",1
"""tempotekno""",1
"""lamezclaradio""",1
"""onlinebusiness""",1
"""premierleague""",1
"""æ—¥å¸¸å¢ã•ã‚“ã¨ç¹‹ãŒã‚ŠãŸã„""",1
"""tapion""",1
"""goku""",1
"""usher""",1
"""easyrecipe""",1
"""chiefkeef""",1
"""lildurk""",1
"""nbayoungboy""",1
"""ç±³èŒ""",2
"""å¡å¡æ˜¯è‰²çŒ«""",2
"""è½¯è€³å¥¶çŒ«""",2
"""shovel""",1
"""dig""",1
"""fifaãƒ¢ãƒã‚¤ãƒ«""",1
"""camarles""",1
"""restaurants""",1
"""listenlive""",1
"""mystery""",2
"""laptoprental""",1
"""crollano""",1
"""vendite""",1
"""kotakmahindrabank""",1
"""jswsteel""",1
"""augmentierterealitÃ¤t""",1
"""scary""",1
"""spooky""",1
"""opportunities""",1
"""ãƒ‹ã‚³ãƒ‹ã‚³å‹•ç”»""",1
"""wrestlingpodcast""",1
"""stemeducation""",2
"""internationalpetday""",1
"""besttradingpodcast""",1
"""valuation""",1
"""æ¯æ—¥ã‚¦ã‚©ãƒ¼ã‚­ãƒ³ã‚°""",1
"""tjsradio""",1
"""metricsthatmeasureup""",1
"""kengriffinlied""",1
"""livetxmusic""",1
"""warrant""",1
"""productsightings""",2
"""jio""",3
"""ambani""",2
"""à¸à¸±à¸à¸Šà¸²à¸Šà¸™à¸¡à¸·à¸­""",1
"""roz""",1
"""smirnofffiestas""",1
"""sdg16""",1
"""å’Œç¢©""",1
"""ç«‹è¨Š""",1
"""æ˜¥ã‹ã‚‰å…¬ç«‹å¤§""",1
"""qccrgv""",1
"""bestekamera""",1
"""foto""",1
"""gigem""",1
"""deciphersec""",1
"""flawlesslove""",2
"""sports""",2
"""growingtogether""",1
"""itsallrelative""",1
"""versus""",1
"""hurdle""",1
"""naturephotography""",2
"""nokia""",1
"""iqoo""",1
"""ipadà¹€à¸à¸·à¹ˆà¸­à¸à¸²à¸£à¸¨à¸¶à¸à¸©à¸²""",1
"""æ ¼å®‰sim""",1
"""stayinspiredonthego""",1
"""motownwriters""",1
"""syllit""",1
"""ink""",1
"""tattoolover""",1
"""iphoneapp""",1
"""koiunited""",1
"""perfectlycutsiege""",1
"""emergingtech""",1
"""stenotype""",1
"""mecca""",1
"""ì •êµ­""",1
"""cnn""",3
"""newsworld""",1
"""brainpower""",1
"""viralvideo""",1
"""kyland""",1
"""believeitnetwork""",1
"""à¸•à¸¥à¸²à¸”à¸™à¸±à¸”straykids""",3
"""saudi""",1
"""theone""",1
"""virÃ¼s""",1
"""interfaccia""",1
"""orologio""",1
"""sportwatch""",1
"""wisskomm""",1
"""creativejewelry""",1
"""programming""",2
"""sticklersmusingsdailydevo""",3
"""å†™çœŸ""",1
"""å¤œã®æ’®ã‚Šæ–¹""",1
"""gfx50r""",1
"""oranges""",1
"""athleterituals""",1
"""retrogaming""",1
"""ä¸è¼äºº""",1
"""itsyourworld""",1
"""frenchdays""",1
"""cashconsiderations""",1
"""medieval""",1
"""intermiamicf""",1
"""faang""",2
"""carolkane""",1
"""ã‚¤ã‚»ãƒãƒ”""",2
"""dcvmi""",2
"""nopudieronnipodrÃ¡n""",4
"""mario""",1
"""androidoperatingsystem""",2
"""container""",4
"""applecarplay""",2
"""androidauto""",1
"""artificial""",2
"""à¹à¸­à¸›à¹€à¸›à¸´à¹‰à¸¥à¸—à¸µà¸§à¸µ""",1
"""musician""",1
"""namm""",1
"""7ss""",1
"""icloudunlock""",1
"""offerte""",2
"""quotes""",1
"""contest""",1
"""marketwatch""",3
"""puppy""",1
"""wetinnogood""",1
"""mygate""",1
"""gate""",1
"""home""",1
"""cctv""",1
"""latimes""",2
"""usatoday""",2
"""wgn""",2
"""benzinga""",2
"""puntaarenas""",1
"""usb""",2
"""beautifulbeach""",1
"""negligence""",1
"""listing""",1
"""theboyz""",2
"""rov""",1
"""artph""",1
"""saket""",2
"""online""",1
"""metaversenews""",1
"""tntor""",1
"""ä»Šæ—¥ã®ç©ã¿ä¸Šã’""",1
"""ãƒ‡ã‚¸ãƒãƒª""",1
"""freenbecky""",1
"""uttarpradesh""",2
"""dirtylinen""",1
"""appleappstore""",1
"""accessibilitytip""",2
"""musicnews""",1
"""decentralized""",1
"""lexytimms""",1
"""unitsmissbarcodena""",1
"""housemusic""",1
"""deezer""",2
"""oilpainting""",1
"""ã‚Šã‚“ã”""",1
"""usa""",3
"""macs""",1
"""gabrielsrapture""",1
"""acnhdesign""",1
"""inourlifefm""",1
"""vroid""",1
"""theprintpod""",1
"""ramay""",1
"""wirelesscarplay""",1
"""shipments""",3
"""timer""",4
"""ãŠè²·ã„ç‰©ãƒãƒ©ã‚½ãƒ³""",1
"""neuefolge""",1
"""airdrop""",1
"""race""",1
"""jesus""",1
"""newartist""",1
"""socialism""",1
"""upcomingartist""",1
"""tipdana""",1
"""predlozi""",1
"""à¤à¤ªà¥à¤ªà¤²""",1
"""sweet""",3
"""beauty""",2
"""podcastbrasil""",1
"""clubedolivro""",1
"""deutschland""",1
"""hayleyatwell""",1
"""tributesong""",1
"""wenadecider""",1
"""applemacbookpro""",1
"""monitor""",1
"""bengaluru""",1
"""engeneã•ã‚“ã¨ç¹‹ãŒã‚ŠãŸã„""",1
"""bookshelf""",1
"""womenintech""",1
"""localfilm""",1
"""milwaukee""",1
"""à¹„à¸¡à¹ˆà¸à¸£à¹‰à¸­à¸¡à¸ªà¹ˆà¸‡""",1
"""techbaseng""",2
"""evalÄ±ÅŸveriÅŸi""",1
"""moda""",1
"""ayakkabÄ±""",1
"""ãƒ¢ã‚¤ãƒãƒ­""",1
"""riskmanageme""",1
"""ã‚¢ã‚¤ãƒ´""",1
"""Ø¢Ø¨Ù„""",1
"""lagoloaf""",1
"""ãƒ‰ã‚³ãƒ¢""",1
"""saketstore""",1
"""y12k""",1
"""upstatecult""",1
"""ĞµĞ¿Ğ»""",1
"""princess""",1
"""cinquainprompt""",1
"""motom""",1
"""bcomhonours""",1
"""admissionsopen2023""",1
"""tecqvishuoffers""",1
"""purpeech""",1
"""90smu""",1
"""dadjokes""",1
"""electrical""",1
"""ã‚¢ã‚¯ãƒ†ã‚£ãƒ“ãƒ†ã‚£""",1
"""ãƒ•ã‚£ãƒƒãƒˆãƒã‚¹""",1
"""cybersecuri""",1
"""noco400""",1
"""nagaland""",1
"""è¿éº¦""",2
"""å¤©ä½¿é™ªç©""",1
"""vietnamvet""",1
"""highendmarket""",1
"""ebike""",1
"""ã»ã®ã¾ã‚‹""",1
"""healthysnack""",1
"""dc""",1
"""statistik""",1
"""ãƒ‘ã‚ºãƒ‰ãƒ©""",1
"""ä¿è‚²""",1
"""gurutegbahadur""",6
"""tricks""",1
"""ã‚¦ã‚©ãƒ¼ãƒ ãƒ‡ãƒ‹ãƒƒã‚·ãƒ¥""",1
"""tribunebusiness""",1
"""ãƒ”ãƒ¤ãƒ›ãƒ³6""",1
"""ktrade""",1
"""binemon""",1
"""retailtherapy""",1
"""ãƒ‡ãƒ«ãƒ¢ãƒ³ãƒ†""",1
"""ãƒªã‚³ãƒ”ãƒ³ãƒªãƒƒãƒ""",1
"""åŸ¼ç‰è¥¿æ­¦ãƒ©ã‚¤ã‚ªãƒ³ã‚º""",1
"""à¹„à¸§à¹‰à¸‚à¸²à¸¢à¸‚à¸­à¸‡à¸«à¹‰à¸²à¸¡à¸£à¸µà¸§à¸´à¸§à¹‚à¸§à¹‰à¸¢à¸¢""",1
"""à¸•à¸¥à¸²à¸”à¸™à¸±à¸”aespa""",1
"""sportsbiz""",1
"""johnwick""",1
"""ã‚¸ãƒ¼ãƒ¦ãƒ¼""",1
"""everythingeverywhereallatonce""",1
"""podcastrecommendations""",1
"""wendysbahamas""",1
"""goin""",1
"""azerbaycan""",1
"""mediatehlilmerkezi""",1
"""woodcraft""",1
"""à¸šà¸´à¸§à¸à¸´à¹‰à¸™""",1
"""billkinentertainment""",1
"""miniledexternaldisplay""",1
"""brendanfraser""",1
"""austinfc""",1
"""reseller""",1
"""tat""",1
"""mondaymotivation""",1
"""konkani""",1
"""barnesandnoble""",2
"""corrige""",1
"""experimax""",1
"""ãƒ†ã‚£ãƒƒã‚¯ãƒˆãƒƒã‚¯""",1
"""maxidentäº¤æ›""",1
"""linedrawing""",1
"""ã‚­ãƒ©ã‚¹ã‚¿""",1
"""vu""",1
"""cashewfeni""",1
"""goa""",1
"""mkstalin""",1
"""dmk""",1
"""ãƒã‚¸ãƒ³ã‚¬ãƒ¼z""",1
"""greenwashing""",1
"""rebaseonarb""",1
"""nowplayingï¸""",1
"""mobilegame""",2
"""winner""",2
"""ukjobs""",1
"""salfordreddevils""",1
"""ä½ æ–‡èŒœ""",1
"""worldparkinsonsday""",1
"""sparen""",1
"""putin""",1
"""æ—©æ•™""",1
"""æ•™è‚²éŠæˆ²""",1
"""kopfhÃ¶rer""",1
"""éƒ½å†…æ‰‹æŠ¼ã—""",1
"""æ¸‹è°·æ‰‹æŠ¼ã—""",1
"""snacks""",1
"""visualeffect""",1
"""soyamilk""",1
"""coinpusher""",1
"""spreadthegoop""",1
"""éº»çœŸã‚Šã¼ã‚“""",1
"""problemen""",1
"""archiv""",1
"""cienciaparaleercsic""",1
"""techtuesday""",2
"""googleairtags""",2
"""blues""",1
"""retailtheatre""",1
"""april""",2
"""smartpress""",2
"""infocom""",2
"""retro1970s70s""",1
"""vaundy""",1
"""ordenador""",1
"""eco""",1
"""åƒãæ–¹æ”¹é©""",1
"""marketingdigital""",1
"""æ¦¨æ±å¤""",1
"""ã‚¹ãƒãƒ¼ãƒˆã‚¦ã‚©ãƒƒãƒ""",1
"""nothingphone1""",1
"""pagopa""",1
"""apple""",1005
"""à¸•à¸¥à¸²à¸”à¸™à¸±à¸”theboyz""",2
"""cert_fr""",1
"""applepodcasts""",6
"""gemini""",2
"""cancer""",2
"""iphone13pro""",3
"""mmemberville""",1
"""sales""",3
"""oneplus""",3
"""smartphones""",15
"""futuretechnology""",9
"""wnn2""",1
"""backtothepast""",1
"""workspace""",1
"""box""",1
"""chiropractor""",1
"""24æ™‚é–“ä»¥å†…""",7
"""apple2023""",2
"""appletechnology""",1
"""travel""",3
"""btc""",7
"""applemacbook""",1
"""beats""",1
"""11aprile""",1
"""applewatchse""",3
"""emoji""",4
"""roblox""",2
"""scoopi""",1
"""artistontwitter""",1
"""Ø²ÙƒØ§Ø©_Ø§Ù„ÙØ·Ø±""",1
"""timcook""",25
"""hsbc""",1
"""zalatimobrothersforsweets""",1
"""zalatimo""",1
"""forex""",2
"""investment""",4
"""infosec""",27
"""snlg""",4
"""siri""",6
"""ipad""",50
"""buckcityradio""",2
"""çŸ¥è‚²ã‚²ãƒ¼ãƒ """,3
"""appleteacher""",1
"""paraflixxuniverse""",1
"""appletv""",15
"""stjohnsrealestate""",1
"""carplay""",4
"""disappointedcustomer""",1
"""productivity""",6
"""macapps""",1
"""hemp""",1
"""d9""",1
"""spyware""",2
"""ios1641""",6
"""moviedeals""",1
"""mobileapp""",1
"""rt""",7
"""nvidia""",5
"""ã­ã¡ã‚’åºƒã‚éšŠ""",2
"""bi""",3
"""hanbin""",3
"""smm""",2
"""grit""",1
"""resilience""",1
"""publichealthhaiku""",1
"""antitrust""",6
"""amazonprime""",1
"""china""",7
"""asia""",3
"""memes""",2
"""investor""",4
"""data""",7
"""nyseaci""",1
"""3dart""",1
"""3drender""",1
"""3dmax""",1
"""applepie""",2
"""bigapple""",1
"""appleaday""",1
"""realme""",3
"""ãƒãƒãƒŸãƒ„""",1
"""ricettafacile""",1
"""à¸£à¹‰à¸­à¸¢à¸¤à¸”à¸¹à¸«à¸™à¸²à¸§""",1
"""gmmtv""",1
"""paraguay""",1
"""cloudcomputing""",4
"""recruitment""",2
"""shopmycloset""",6
"""æ˜Ÿé‡æºannãƒ©ã‚¸ã‚ªé¸æ›²""",1
"""lÃ¤rande""",3
"""kobo""",8
"""cina""",1
"""realitypro""",2
"""visorevr""",1
"""shifter""",2
"""demons""",2
"""romance""",10
"""samesexmarriage""",1
"""gautamgambhir""",10
"""redsox""",2
"""alcisourjam""",1
"""thelindsaeys""",1
"""etsy""",1
"""vintagepaperweight""",1
"""functionalhighground""",1
"""sportspodcast""",1
"""lagundo""",1
"""apple_ipad_giveaway""",22
"""cloudsecurity""",6
"""nerdproblems""",1
"""iphoneupdates""",1
"""nba""",6
"""miggy""",1
"""available""",2
"""bestrealtornearme""",1
"""acrossthespiderverse""",2
"""mustreadnow""",5
"""soranji""",1
"""à¤†à¤ˆà¤«à¥‹à¤¨à¤µà¤¿à¤¨à¤¿à¤°à¥à¤®à¤¾à¤¤à¤¾à¤à¤ªà¥à¤ªà¤²""",1
"""andteam""",1
"""handmade""",1
"""paint""",1
"""idc""",6
"""applebkc""",19
"""cx""",2
"""education""",2
"""mrneverchillin""",1
"""publicrelations""",2
"""mnusawrestling""",1
"""ahorro""",1
"""sincomisiones""",1
"""nobubblegumvampiresallowed""",1
"""onlinetrading""",2
"""applem1""",2
"""pti""",1
"""edchat""",1
"""laughter""",1
"""fun""",2
"""vincevaughn""",1
"""maction""",1
"""nft""",3
"""wts""",7
"""vavel""",1
"""usoc2023""",1
"""spamming""",1
"""cashapp""",1
"""greenbaysweep""",1
"""onechoice""",1
"""bharat""",1
"""rakuten""",1
"""solde""",1
"""pixel""",4
"""teslapiphone""",1
"""patch""",5
"""m1""",4
"""macbookpro""",8
"""marycan""",1
"""booksigning""",1
"""tomford""",1
"""nammshow""",1
"""summermmff2023""",3
"""mdotinnovates""",1
"""coroa""",1
"""mewsuppasit""",3
"""íˆ¬ëª¨ë¡œìš°ë°”ì´íˆ¬ê²Œë”""",3
"""è»¢å£²""",13
"""writingcommmunity""",1
"""semiconductors""",1
"""face""",1
"""truelove""",1
"""inversiÃ³nonline""",1
"""nlg""",2
"""airpodscase""",1
"""airpods2""",2
"""tutorial""",5
"""à¸•à¸¥à¸²à¸”à¸™à¸±à¸”à¸šà¸""",2
"""econtwitter""",1
"""blakelively""",1
"""icicibank""",1
"""appleciderbeer""",1
"""evergreen""",1
"""alzheimers""",1
"""à¹„à¸­à¹à¸à¸”à¹€à¸à¸·à¹ˆà¸­à¸à¸²à¸£à¸¨à¸¶à¸à¸©à¸²""",7
"""optiontrading""",2
"""podcaster""",2
"""steve""",2
"""savewarriornun""",4
"""warriornun""",4
"""à¸£à¸±à¸šà¹€à¸•à¸´à¸¡coin""",1
"""newbookalert""",1
"""vamika""",1
"""mentalhealtheu""",1
"""army""",1
"""unileiden""",1
"""care""",1
"""representationmatters""",1
"""blancanieves""",1
"""hama""",1
"""regalosoriginales""",1
"""allstreamingplatforms""",1
"""distrokid""",1
"""rainbowapple""",1
"""crystal""",1
"""retailers""",1
"""katiecotton""",4
"""Ñ€Ğ°Ğ´Ğ°""",7
"""Ğ¼Ğ°Ğ¼Ğ°""",4
"""rfsafe""",3
"""ì„¸í›ˆì´ì˜_30ë²ˆì§¸_ë´„ë°”ëŒ""",1
"""cincycrafted""",1
"""sell""",1
"""pocox5pro""",1
"""dessert""",1
"""dinner""",1
"""rock""",3
"""bruker""",1
"""gpt4""",1
"""edr""",6
"""cyberthreatintelligence""",6
"""vulnerabilitya""",1
"""à¹„à¸­à¹‚à¸Ÿà¸™""",1
"""ì–‘ì´ˆì›”""",1
"""atm""",1
"""lesserafim_unforgiven""",2
"""tipsandtricks""",1
"""icaughtyou""",2
"""biteandbelieve""",1
"""thecuttingedge""",1
"""bsc""",1
"""tropicalfruitfashion""",1
"""chef""",1
"""multiversx""",1
"""nxpsemi""",1
"""wholefoods""",1
"""twitterhjerne""",1
"""chuseojun""",1
"""elma""",1
"""juice""",1
"""drinks""",1
"""manada""",1
"""russia""",1
"""pandapiranha""",1
"""careersinracing""",1
"""racetoyourcareer""",1
"""ã‚³ãƒ³ãƒ“ãƒ‹""",1
"""day3""",1
"""autoindustry""",1
"""schwab""",1
"""greatreset""",1
"""blackrock""",1
"""eu""",1
"""healthinspirational""",1
"""healthyvitamins""",1
"""video""",3
"""eulerpool""",1
"""alleaktien""",1
"""è´¦å·è´­ä¹°""",5
"""nfts""",2
"""stopusingleverage""",1
"""iphoneæ•…éšœ""",5
"""ã‚¢ã‚¤ãƒ•ã‚©ãƒ³""",7
"""ã‚¹ãƒãƒ¼ãƒˆãƒ‰ã‚¯ã‚¿ãƒ¼ãƒ—ãƒ­""",5
"""hollywood""",2
"""theastronaut""",1
"""btsjin""",1
"""gospursgo""",2
"""r7""",1
"""appleinc""",6
"""pfizer""",1
"""electronicmusic""",1
"""quicksurvey""",1
"""premiumlaptop""",1
"""jazzmusic""",1
"""theyfeedus""",1
"""ã‚ã•ã¯ã‚‰ã‚Šã‚“ã‚’åºƒã‚éšŠ""",1
"""yinyin_anw""",1
"""à¹„à¸­à¹‚à¸Ÿà¸™à¸¡à¸·à¸­à¸ªà¸­à¸‡""",1
"""yoqueen""",1
"""cukaapel""",1
"""herlihyeme4390s23""",2
"""wifi""",1
"""comptia""",1
"""like_crazy""",1
"""æµ·å¤–tech""",1
"""à¸™à¸²à¸¬à¸´à¸à¸²""",2
"""à¸ªà¹ˆà¸‡à¸•à¹ˆà¸­à¸™à¸²à¸¬à¸´à¸à¸²""",3
"""firebolltrock""",1
"""krewseason""",1
"""megaparigiriÅŸ""",1
"""futbol""",1
"""techdaily""",1
"""80s""",1
"""oldschool""",2
"""case""",2
"""shred""",1
"""dreadyart""",1
"""à¸à¸±à¸à¸Šà¸²og""",1
"""à¸à¸±à¸™à¸¥à¸³""",1
"""ganja""",1
"""wishlist""",1
"""scent""",1
"""fragrances""",1
"""avengenerds""",1
"""camera""",1
"""waitiee""",1
"""techaccessories""",1
"""stockmarketindia""",15
"""nbaplayoffs""",1
"""goddessofdiscord""",1
"""dbz""",1
"""dragonball""",1
"""beyoncÃ©""",2
"""link""",2
"""cake""",2
"""youngsolph""",1
"""explore""",1
"""èµµæ©é™""",2
"""fortune""",1
"""kleinburgvillage""",1
"""rtitbot""",4
"""hospitality""",1
"""muslimpro""",1
"""qalboxshow""",1
"""spinalcordinjuries""",1
"""escola""",1
"""launch""",1
"""ã¿ã‚“ãªã§ã‚·ã‚§ã‚¢""",1
"""innovative""",1
"""katyperry""",1
"""trucktuesday""",1
"""tableau""",1
"""dream11""",1
"""diis""",1
"""stockstotrade""",7
"""xagusd""",7
"""metaversum""",1
"""better""",1
"""elcontestadorde""",1
"""beta""",1
"""vincemcmahon""",1
"""wallstreet""",2
"""market""",4
"""spy""",1
"""ateez""",1
"""ãƒ­ã‚µãƒ³ã‚¼ãƒ«ã‚¹""",1
"""artificialintelligence""",4
"""ftxcrash""",1
"""inspirationunlimited""",1
"""youdle""",2
"""à¹„à¸­à¹à¸à¸”à¸¡à¸·à¸­à¸ªà¸­à¸‡à¸£à¸²à¸„à¸²à¸–à¸¹à¸""",1
"""corporation""",1
"""it""",4
"""youtubepremium""",2
"""gopackgo""",1
"""anxiety""",1
"""nummer1""",1
"""decipher""",1
"""ventes""",1
"""glasses""",1
"""lamatta""",1
"""naturebeauty""",1
"""hdr""",1
"""galaxy""",2
"""sony""",2
"""objetosperdidos""",1
"""iphoneà¸¡à¸·à¸­à¸ªà¸­à¸‡""",1
"""casasbahia""",1
"""kitten""",1
"""æ ¼å®‰ã‚¹ãƒãƒ›""",1
"""realtechnical""",1
"""swiftnliftupdates""",1
"""makkah""",3
"""appleatcitywalk""",1
"""Ù„ÙŠÙ„Ø©_Ø§Ù„Ù‚Ø¯Ø±""",1
"""imdypro""",1
"""techvideos""",1
"""ã‚¦ã‚©ãƒ¼ã‚­ãƒ³ã‚°""",1
"""ãƒ©ãƒ³ãƒ‹ãƒ³ã‚°""",1
"""ios17""",4
"""heartofsligo""",1
"""viralreels""",1
"""cathiewood""",1
"""sp500""",2
"""funny""",2
"""indossabili""",1
"""inspire""",1
"""auch""",1
"""wefpuppets""",1
"""pickup""",1
"""academia""",1
"""jeweler""",1
"""googleplay""",1
"""ã‚¢ã‚¤ãƒ•ã‚©ãƒ¼ãƒ³""",1
"""livegrace""",1
"""pentips""",1
"""trump""",2
"""visitmartinsburgwv""",1
"""teknoloji""",2
"""extremismagazine""",1
"""suimo""",2
"""preorder""",1
"""haber""",3
"""tarih""",1
"""cnp""",2
"""à¹à¸­à¸›à¹€à¸›à¸´à¹‰à¸¥à¸§à¸­à¸Šà¸¡à¸·à¸­à¸ªà¸­à¸‡""",1
"""caprinos""",1
"""halal""",1
"""franchise""",1
"""æœªæ¥ã¸ã®èˆªè·¯""",1
"""mivdc""",1
"""hardcorepunk""",1
"""foretvhub""",1
"""amp""",4
"""course""",4
"""images""",2
"""composers""",1
"""appledevices""",1
"""nifty""",2
"""topelectrÃ³nica""",2
"""banknifty""",1
"""christinaskye""",1
"""contestalert""",1
"""sweeps""",1
"""goodneighbors""",1
"""radiko""",1
"""wallapop""",1
"""realheroes""",1
"""aptronix""",1
"""dog""",1
"""doggo""",1
"""gatesecurity""",1
"""javascript""",1
"""homesecurity""",1
"""bet""",2
"""appleapps""",1
"""ipadapps""",1
"""spread""",1
"""vsinger""",1
"""filipinoartist""",1
"""pddatacable""",1
"""mechbazaar""",1
"""applemac""",3
"""bbcworld""",1
"""åºƒå‘Š""",1
"""industry""",2
"""dlsurpriseencounter""",1
"""à¸•à¸¥à¸²à¸”à¸™à¸±à¸”à¸—à¸µà¹€à¸£à¹‰à¸""",1
"""siripauselength""",1
"""dogtreats""",1
"""ipodnano""",1
"""running""",1
"""buy""",1
"""scream""",1
"""akotheewedsomosh""",2
"""beefnetflix""",2
"""democracy""",1
"""aiko""",1
"""wareables""",1
"""orlando""",1
"""halloween""",1
"""deephouse""",2
"""vulnerabilityassesmen""",1
"""aiartcommunity""",1
"""mazeguru""",1
"""applefarming""",2
"""instahimachal""",1
"""retailstore""",2
"""mumbainews""",2
"""utg""",1
"""ì¡°ìŠˆì•„""",1
"""ã‚¸ãƒ§ã‚·ãƒ¥ã‚¢""",1
"""12mini""",1
"""slowhorses""",1
"""xon_sells""",1
"""newpodcast""",1
"""vroidstudio""",1
"""carplayadaptor""",1
"""strompreise""",1
"""userexperience""",1
"""hearingaids""",1
"""applestoreindia""",3
"""ä»•äº‹åŠ¹ç‡åŒ–""",2
"""orioles""",1
"""suga""",1
"""itunesdown""",2
"""review""",1
"""16ã‚¤ãƒ³ãƒmbp""",1
"""programa20minutos""",1
"""thefray""",1
"""hackernews""",4
"""hacktheplanet""",4
"""celebrity""",1
"""kladionica""",1
"""blackappmagalu""",1
"""computersales""",1
"""jharkhand""",1
"""uniqlo""",1
"""kÃ¶ln""",1
"""curator""",1
"""superheroes""",1
"""fromhnpopz""",1
"""dollar""",1
"""inconfundibleesmejor""",1
"""las5razones""",1
"""premium""",1
"""ãƒ©ã‚¸ãƒ€ãƒ–""",1
"""cubbon""",1
"""minaketanibc""",1
"""blossom""",1
"""alÄ±ÅŸverissitesi""",1
"""raone""",1
"""httc""",1
"""precure""",1
"""Ø´ÙŠØ¡_ØªÙƒ""",3
"""air2022""",2
"""Ğ»ĞµĞ²Ğ¸Ñ‚""",1
"""environment""",1
"""travedy""",1
"""lookup""",1
"""cowurine""",4
"""flaw""",1
"""ì‹œìš°ë¯¼""",1
"""specialoffers""",1
"""darksienna""",1
"""drug""",2
"""eye""",2
"""mindbrain""",2
"""radiostreaming""",1
"""electricalengineering""",1
"""ê¹€ì¬í™˜""",1
"""fele""",1
"""lovearch""",1
"""myfitnesspal""",1
"""telefonia""",1
"""windo""",2
"""à¸ªà¹ˆà¸‡à¸•à¹ˆà¸­à¸›à¸²à¸à¸à¸²à¹„à¸­à¹à¸à¸”""",2
"""buypeoplept2""",4
"""fact""",1
"""ç¬¬2å¼¾hubã‚³ãƒ©ãƒœ""",1
"""à¤°à¥‚à¤¸""",1
"""é™ªç©""",1
"""ç»¿å¸½""",1
"""è¯­éŸ³""",1
"""ç£•ç‚®""",1
"""areageekdata""",1
"""ä¸­ç¾è„±é’©""",1
"""ezipayglobal""",1
"""onlinepaymentgateway""",1
"""lesgouttesdedieu""",1
"""é’æ£®æ±""",1
"""freerewards""",1
"""ä½ã¿ã¾ã™èŠ¸äºº""",1
"""moneycontrol""",1
"""shindanmaker""",1
"""applestoredelhisaket""",1
"""joedimaggio""",1
"""franksinatra""",1
"""goodpods""",1
"""rÃ¼ckgang""",1
"""happy""",1
"""ãƒŠãƒ‹ãƒ¼ãƒŸãƒ¼""",1
"""nanaeterna""",1
"""patchnow""",1
"""ã‚¢ãƒ³ãƒ‘ãƒ³ãƒãƒ³""",1
"""nftart""",1
"""bin""",1
"""seiblions""",1
"""å¤–å´ä¿®æ±°""",1
"""unionpay""",1
"""åå¤å±‹""",1
"""ãƒŸã‚»ã‚¹ã‚°ãƒªãƒ¼ãƒ³ã‚¢ãƒƒãƒ—ãƒ«""",2
"""playoffsnba""",1
"""à¤•à¥à¤¯à¤¾""",1
"""kehuyquan""",1
"""linkbuilding""",1
"""mscicolcap""",1
"""goinart""",2
"""anarchy""",1
"""spacejunk""",1
"""sleepmusic""",2
"""Ğ°Ğ·ĞµÑ€Ğ±Ğ°Ğ¹Ğ´Ğ¶Ğ°Ğ½""",1
"""bedale""",1
"""movingmarkets""",1
"""vulnÃ©rabilitÃ©s""",1
"""mukeshambani""",2
"""stevebuscemi""",1
"""pelicula""",1
"""ebayseller""",1
"""ebaystore""",1
"""dondurulmuÅŸ""",1
"""à¸¥à¸´à¸›aou""",1
"""ã‚¢ã‚¤ã‚³ãƒ³""",1
"""cancel""",1
"""lektu""",1
"""ã‚¹ã‚­ã‚º""",1
"""tvtime""",3
"""applegenius""",1
"""lg""",1
"""æ˜¥ã‹ã‚‰å­¦èŠ¸""",1
"""æ˜¥ã‹ã‚‰å­¦èŠ¸å¤§""",1
"""body""",1
"""à¸§à¸´à¸™à¸§à¸´à¸™""",1
"""ä¹ä¹""",1
"""chekera""",2
"""neuwertig""",1
"""maan""",1
"""producer""",1
"""colombia""",1
"""mexico""",1
"""nigeria""",1
"""casinos""",1
"""ç¨‹å®å®""",1
"""ã‚¢ã‚¤ã‚¹æ‰‹æŠ¼ã—""",1
"""ç´™æ‰‹æŠ¼ã—""",1
"""southkorea""",1
"""lear""",1
"""snack""",1
"""cgjobs""",1
"""n27news""",1
"""copies""",1
"""Ø§Ø®Ø¨Ø§Ø±""",1
"""Ø§Ù„Ø³Ø¹ÙˆØ¯ÙŠØ©""",1
"""appledelhi""",3
"""applestoreinmumbai""",2
"""lime""",1
"""æ˜Ÿæ´²æ—¥æŠ¥""",1
"""Ã©conomie""",1
"""wweraw""",6
"""portatil""",1
"""ipl""",1
"""ãƒŸãƒ‰ãƒŠã‚¤""",1
"""fantasy""",1
"""socialmediamarketing""",1
"""à¸ªà¹ˆà¸‡à¸•à¹ˆà¸­airpods""",1
"""techinformer""",1
"""ios17beta""",1
"""amataworldpodcast""",1
"""bibliotheca""",1
"""tolino""",1
"""mumbai""",30
"""iphonerepair""",1
"""phonerepair""",1
"""security""",17
"""leo""",2
"""iphone13promax""",6
"""applemusic""",20
"""deals""",9
"""sale""",3
"""techblog""",9
"""engineering""",9
"""homestudio""",1
"""api""",1
"""findmy""",1
"""summer""",1
"""thefeelingslab""",1
"""bitcoin""",48
"""macos""",26
"""amazonã‚»ãƒ¼ãƒ«""",20
"""phones""",1
"""computers""",2
"""jimin""",5
"""graphicdesign""",1
"""easter""",9
"""applewatchseries8""",2
"""applewatchseries4""",2
"""jcsatanas""",1
"""baidu""",5
"""recipe""",2
"""womensfiction""",2
"""secondchanceromance""",3
"""satoshinakamoto""",1
"""schoollibrarymonth""",1
"""amazon""",35
"""artwork""",1
"""smartwatch""",7
"""bitcointrading""",1
"""bitcoinprice""",2
"""appleslovenija""",1
"""invention""",1
"""smsèªè¨¼""",2
"""newmusic""",15
"""yorch_yongsin""",1
"""lorivallow""",1
"""loridaybell""",1
"""stjohnsnl""",1
"""tedlasso""",2
"""macbookair""",12
"""iartg""",12
"""jimin_likecrazy""",1
"""keras""",1
"""zonaba""",8
"""sainttropez""",1
"""fxckmylife""",3
"""æ˜†æ˜""",3
"""delhi""",21
"""pasarsvt""",2
"""pasarsvtmy""",2
"""tiktok""",9
"""breakingnews""",14
"""improves""",1
"""companies""",1
"""graphicdesigner""",1
"""design""",5
"""applesecurityresponse""",1
"""reelsinstagram""",1
"""3dmodeling""",1
"""3dmodel""",1
"""pineapple""",1
"""mobilezon""",1
"""fcpxedit""",1
"""stilllifepainting""",1
"""jaanojunction""",1
"""infosecmag""",1
"""knives""",1
"""gamingnews""",1
"""brazil""",2
"""machinelearning""",6
"""hiring""",5
"""job""",2
"""analytics""",6
"""business""",13
"""groundhogday""",1
"""tetris""",4
"""undergroundrap""",1
"""strangenewtakes""",1
"""realtÃ aumentata""",1
"""sfr""",1
"""guardians""",1
"""mlb""",2
"""daterush""",5
"""supremecourt""",7
"""iphone13""",14
"""cottagecore""",1
"""homedecor""",1
"""zeroday""",13
"""tecnologÃ­a""",9
"""hacking""",16
"""malware""",12
"""cyber""",13
"""è‡ªç„¶""",1
"""b""",1
"""atl""",1
"""thedopestshp""",1
"""youtube""",14
"""googlehonorata""",1
"""éŠ€è‹±ä¼ãƒ­ãƒ³ãƒ‰""",3
"""annkw""",1
"""amreading""",6
"""readingromance""",5
"""iphonemakerapple""",1
"""podcastandchill""",2
"""hackersonlineclub""",1
"""mobile""",4
"""amor""",2
"""italia""",1
"""à¸•à¸¥à¸²à¸”à¸™à¸±à¸”à¸ªà¸§à¸™à¹à¸„à¸£à¸­à¸—""",2
"""playstation""",3
"""à¸•à¸¥à¸²à¸”à¸™à¸±à¸”treasure""",5
"""bbva""",1
"""movies""",4
"""ã“ã­ãã¨""",1
"""è‹¹æœ""",2
"""filmmusic""",3
"""soundtrack""",3
"""applejuice""",1
"""juicingrecipes""",1
"""nyse""",2
"""investing101""",1
"""ainvest""",2
"""ainvest_wire""",2
"""cantfixstupid""",1
"""swingers""",1
"""stockmarket""",8
"""nyc""",3
"""web3""",8
"""scams""",1
"""bins""",1
"""raredisease""",2
"""aapl""",10
"""appleairpods""",2
"""applestoremumbai""",11
"""shrinking""",1
"""bitapes""",1
"""airpodspro2""",2
"""viper""",1
"""dungeonsanddragons""",1
"""bookchat""",1
"""boxing""",1
"""afceacyber""",1
"""Ù‚Ø§Ø¶ÛŒ_Ú†ÙˆØ±ÙˆÚº_Ú©Ø§_Ø³Ø§ØªÚ¾ÛŒ""",1
"""eliteviser""",1
"""watching""",1
"""å¥¶å’ª""",1
"""treasure""",1
"""Ø§Ù„Ù…Ø±ÙƒØ²_Ø§Ù„Ùˆ""",1
"""asespodcast""",2
"""facebookphotos""",1
"""wonder""",1
"""donaldtrump""",1
"""indyartist""",1
"""americathedead""",1
"""collections""",1
"""apocalypse""",1
"""consumerelectronics""",1
"""ftx""",1
"""notebookcheck""",3
"""donk""",1
"""thesims""",2
"""applesilicon""",1
"""embroideryart""",1
"""imf""",1
"""raid""",1
"""æ¯é€±æ°´æ›œæ—¥è§£ç¦""",1
"""shorts""",4
"""emi""",3
"""copyright""",2
"""ì°¨ì€ìš°""",1
"""morocco""",2
"""orchard""",1
"""pinterest""",1
"""metaverseetfs""",1
"""uoa""",2
"""salÄ±""",1
"""detectar""",1
"""thejunglebook""",1
"""à¹€à¸•à¸´à¸¡à¹€à¸«à¸£à¸µà¸¢à¸à¸™à¸´à¸¢à¸²à¸¢""",1
"""newstrack""",1
"""watfordfc""",1
"""lovereading""",1
"""draw""",1
"""save""",1
"""snowwhite""",1
"""pixelart""",1
"""hamabeads""",1
"""regalofriki""",1
"""explorepage""",3
"""album""",2
"""newdelhi""",2
"""ãƒ„ãƒŸã‚­p""",1
"""natureart""",1
"""toh""",1
"""cybersecuritynews""",4
"""artbyme""",1
"""jewelrymaking""",1
"""jazzapple""",1
"""happyeaster""",1
"""iweeklqi""",1
"""blognone""",1
"""lctodaymatters""",1
"""apple1""",6
"""ãŠè²·å¾—""",1
"""countdown""",2
"""strawberryfields""",2
"""best""",2
"""seankearns""",1
"""beatles""",2
"""savcandy""",1
"""ubereats""",1
"""nodriving""",1
"""applefix""",2
"""violazione""",1
"""whitepaper""",3
"""kep1er_schedule""",1
"""kep1er""",1
"""ì¼€í”ŒëŸ¬""",1
"""cafÃ©""",1
"""themaskedsingerbr""",1
"""airpodsà¸¡à¸·à¸­à¸ªà¸­à¸‡""",2
"""batteries""",1
"""bhumikachawla""",4
"""technologymilestone""",1
"""1976tech""",1
"""å°æ¹¾ã‚¤ãƒ³ãƒ‡ã‚£ãƒ¼ã‚º""",1
"""ã‚¸ãƒ£ã‚º""",1
"""legislation""",1
"""cheesefondue""",1
"""miaheintzelman""",1
"""egld""",1
"""egypt""",1
"""è€å©†""",1
"""äº¤æ›å¸Œæœ›""",1
"""indiegame""",2
"""ã‚«ãƒ©ã‚ªã‚±é…ä¿¡ãƒˆãƒ”ã‚¢""",1
"""rpgs""",1
"""à¸ªà¹ˆà¸‡à¸•à¹ˆà¸­à¹„à¸­à¹à¸à¸”""",1
"""à¹„à¸­à¹à¸à¸”à¸¡à¸·à¸­2""",1
"""à¸›à¸¥à¹ˆà¸­à¸¢à¸•à¹ˆà¸­à¹„à¸­à¹à¸à¸”""",1
"""grÃ¼nermist""",1
"""stevejobsarchive""",2
"""gear""",1
"""ibm""",3
"""jin""",2
"""saras""",1
"""dineshkarthik""",9
"""cskvsrr""",13
"""wildlifephotography""",1
"""bezos""",1
"""tellonym""",2
"""betway""",1
"""ã´ã‚‹ã‚ã½å®šæœŸå…¬æ¼”""",4
"""midjourneyart""",2
"""trendingnow""",11
"""myforumlink""",11
"""laptop""",5
"""beautytips""",1
"""cukaapelorganik""",1
"""cukaapelmurah""",1
"""iphonebackglass""",1
"""pmnpatralok""",1
"""stanleyparable""",1
"""ultimatespiderman""",1
"""thisdayintechhistory""",2
"""akotheewedomosh""",1
"""cisco""",1
"""teamjimin""",1
"""vivoxfold2""",1
"""pthtvnews""",1
"""techie""",2
"""gamelife""",1
"""memories""",1
"""åˆ€å°""",1
"""à¹€à¸à¸·à¹ˆà¸­meà¹à¸à¹‰à¸šà¹ˆà¹„à¸”à¹‰""",2
"""applerestoration""",1
"""pigon_games""",1
"""bergnermedia""",1
"""decor""",1
"""ronsoriginal""",1
"""à¸à¸±à¸à¸Šà¸²à¸£à¸±à¸‡à¸ªà¸´à¸•""",1
"""à¸™à¸„à¸£à¸›à¸à¸¡""",1
"""à¸£à¸±à¸‡à¸ªà¸´à¸•""",1
"""chargingmadeeasy""",1
"""ãƒ‰ãƒ©ã‚´ãƒ³ãƒœãƒ¼ãƒ«z""",1
"""sza""",1
"""cybersecuritytraining""",1
"""æ½‡æ½‡""",2
"""ç±³å›½æ ª""",3
"""kewlfm""",1
"""bookkeeping""",1
"""nhhealthy""",1
"""africa""",2
"""ceek""",1
"""historicalfiction""",1
"""chargingstation""",1
"""mhma2023justindedios""",4
"""sb19_justin""",2
"""smartspeaker""",1
"""mcxindia""",1
"""le""",1
"""mtvrsm""",1
"""virtuellewelten""",1
"""commonsense""",1
"""italianrestaurant""",1
"""uniqueitalian""",1
"""trade""",1
"""netzero""",2
"""cybersec""",2
"""nasdaq100""",1
"""å±±å´ç²å¥ˆ""",1
"""mlpills""",1
"""ã‚¤ãƒ³ã‚¿ãƒ¼ãƒãƒƒãƒˆãƒ©ã‚¸ã‚ª""",1
"""stevewozniak""",3
"""america""",1
"""mt2""",1
"""livetxband""",1
"""onthisday""",1
"""fanart""",1
"""sothebys""",1
"""nexon""",1
"""ç¾½ç”Ÿçµå¼¦""",1
"""ãƒªãƒ³ãƒã‚¹""",1
"""watch""",2
"""onlinepdf""",1
"""æ˜¥ã‹ã‚‰å¤§é˜ªå…¬ç«‹å¤§å­¦""",1
"""balconyã§è´ããŸã„ãƒ—ãƒ¬ã‚¤ãƒªã‚¹ãƒˆ""",1
"""penthouse""",1
"""kamera""",1
"""vergleich""",1
"""nflsundayticket""",1
"""breakingdawn""",1
"""lenses""",1
"""gangstalking""",1
"""doj""",1
"""youthsports""",1
"""airtag""",1
"""oferta""",2
"""nofilter""",1
"""cat""",1
"""motownmoxiemom""",1
"""madetostick""",1
"""hannigram""",1
"""tattoo""",1
"""tattooing""",1
"""appleid""",1
"""ilo""",1
"""newapplestore""",1
"""ramzanmubarak""",1
"""appleofeve""",1
"""healthyeating""",1
"""suriya42""",2
"""fridaysecurity""",1
"""viralvideos""",1
"""danishpastry""",1
"""ãƒ‘ã‚½ã‚³ãƒ³""",1
"""ã‚¬ã‚¸ã‚§ãƒƒãƒˆ""",1
"""deathmetal""",1
"""djent""",1
"""postcore""",1
"""ã‚«ãƒ¢ãƒˆãƒ”""",1
"""careerpath""",1
"""bijouxcrÃ©atifs""",1
"""worshipteam""",1
"""ar""",3
"""thicktrunktuesday""",1
"""ã‚„ã¡ã¾ãŸ""",1
"""å¯Œå£«ãƒ•ã‚£ãƒ«ãƒ """,1
"""åƒè‘‰çœŒ""",1
"""æ—¥æœ¬""",1
"""å¤œã®å†™çœŸ""",1
"""ã‚¢ãƒƒãƒ—ãƒ«""",1
"""saasinsiders""",1
"""thisorthat""",1
"""qotd""",1
"""penmat""",1
"""c64gaming""",1
"""swiftstudentchallenge""",1
"""tata""",1
"""gazete""",1
"""keÅŸfet""",1
"""pasarnct""",1
"""clickxnct127""",1
"""laptopsale""",1
"""pizza""",2
"""imordecai""",1
"""streamingrelease""",1
"""selfowneddata""",1
"""supermario""",1
"""us""",1
"""challengingmathproblems""",1
"""exponentialequations""",1
"""appleevent""",4
"""appletv2017""",1
"""à¸ªà¹ˆà¸‡à¸•à¹ˆà¸­appleà¸¡à¸·à¸­à¸ªà¸­à¸‡""",1
"""syncplacement""",1
"""seguranÃ§a""",2
"""contemporaryromance""",2
"""playblog""",2
"""healthyliving""",1
"""raffle""",1
"""bwtr""",1
"""s3openup""",1
"""captainsbet""",2
"""leonesp""",1
"""fullimmersion""",1
"""cats""",1
"""psblog""",1
"""herotuesday""",1
"""mygatesecurity""",1
"""ihub_stockposts""",2
"""forbes""",2
"""foxnews""",4
"""wolfofweedst""",2
"""seekingalpha""",2
"""envogue""",1
"""mauritius""",2
"""thepistonspulse""",2
"""turbolife""",2
"""macbookapps""",1
"""à¸£à¸±à¸šà¸›à¸±à¹‰à¸¡à¹à¸£à¸‡à¸„à¹Œrov""",1
"""country""",2
"""forsale""",2
"""pulsechain""",1
"""felip_complexlive""",1
"""portablecharger""",1
"""tntorofficial""",1
"""webåˆ¶ä½œ""",1
"""Ù…Ø¨Ø§Ø±Ùƒ_Ø¹Ù„Ù‰_Ø§Ù„Ø±Ø´ÙŠØ¯Ù‰""",1
"""tsmc""",2
"""bitcoin2023""",1
"""à¹à¸œà¸‡à¸¥à¸­à¸¢à¹‚à¸¡à¸­à¸²""",1
"""chinese""",1
"""seriouslythough""",1
"""pawfect""",1
"""pawfectapple""",1
"""dogsoftwittter""",1
"""esg""",1
"""supplychain""",1
"""accused""",1
"""ratkilling""",1
"""ebitcoinics""",1
"""kumasi""",1
"""usdt""",1
"""guyritchie""",1
"""hisholiness""",2
"""togetherbydimash""",3
"""à¸•à¸¥à¸²à¸”à¸™à¸±à¸”à¹„à¸­à¸šà¸¶""",1
"""spotifyplaylists""",1
"""rtartboost""",2
"""himachalpradesh""",1
"""usarmy""",1
"""googleadmin""",1
"""muslims""",1
"""airtel5g""",1
"""dopeblackpods""",2
"""applestoreinindia""",1
"""alert""",1
"""listenalert""",1
"""applewirelesscarplayadaptor""",1
"""billboard_xenophobic""",2
"""lovewhereyouwork""",2
"""wirelesscarplayadapter""",1
"""ä¸€åŒ¹ç‹¼ã®ãƒã‚µ""",1
"""ë¼ì´í”„í•µ""",1
"""pancakeswithapples""",1
"""lpdelectronics""",1
"""replay""",1
"""promosup""",1
"""hackingtime""",4
"""kladjenje""",1
"""tipovi""",1
"""vulnerabilidades""",2
"""forafrednicacio""",1
"""monotyp""",1
"""à¤†à¤ˆà¤«à¥‹à¤¨""",1
"""à¤­à¤¾à¤°à¤¤""",1
"""iphoneiosthailand""",6
"""artmarket""",1
"""sketchbook""",1
"""menthor""",1
"""uncategorized""",1
"""ios15""",2
"""marvelcomics""",1
"""scifi""",1
"""unreasonable""",1
"""jpmorgan""",1
"""kroatien""",1
"""winelover""",1
"""engene""",1
"""tree""",2
"""tromaville""",1
"""harpford""",1
"""cryptotwitter""",1
"""titizol""",1
"""ã‚¢ã‚¤ãƒ‰ãƒ«""",1
"""ãƒˆãƒ¨ã‚­ãƒ³""",1
"""ã‚½ãƒ­ã‚³ãƒ³""",1
"""ã‚µãƒ³ãƒªã‚ªã‚­ãƒ£ãƒ©ã‚¯ã‚¿ãƒ¼å¤§è³""",1
"""sumbultouqeerkhan""",8
"""shehnaazgill""",6
"""katrinakaif""",4
"""rubinadilaik""",3
"""macadminsua""",1
"""digitalforensics""",1
"""siem""",1
"""venturejolt""",1
"""human""",2
"""max""",2
"""70smusic""",1
"""iphone12pro""",1
"""dadhumor""",1
"""efemÃ©rides""",1
"""arduino""",1
"""instagood""",1
"""instatech""",2
"""markzuckerberg""",1
"""shikhardhawanleakedvideo""",1
"""æ­Œã£ã¦ã¿ãŸ""",1
"""æ‹¡æ•£å¸Œæœ›""",3
"""å¥³s""",1
"""å¨‡å–˜""",1
"""adobesystems""",1
"""asus""",2
"""appletvplusfr""",1
"""rooster""",1
"""darazfm798""",1
"""ãƒ‰ã‚³é“""",1
"""appleindiastore""",2
"""android13""",1
"""exploited""",1
"""è‡ªå®…ä¿è‚²""",1
"""iphoneä¸€æ‹¬""",1
"""playtika""",1
"""tenlee""",1
"""ç¦å²¡iphoneè²·å–""",1
"""compromisoiberaval""",1
"""labisbaldelpenedÃ¨s""",1
"""baixpenedÃ¨s""",1
"""howtoperfact""",1
"""à¸à¸·à¹‰à¸™à¸—à¸µà¹ˆà¸‚à¸²à¸¢à¸‚à¸­à¸‡""",1
"""à¹€à¸„à¸£à¸·à¹ˆà¸­à¸‡à¸ªà¸³à¸­à¸²à¸‡à¹€à¸à¸²à¸«à¸¥à¸µ""",1
"""psm""",1
"""johnwick4th""",1
"""johnwickchapter4""",1
"""modi""",1
"""æœ‰å„Ÿä¾é ¼å—ä»˜ä¸­""",1
"""etechupdate""",1
"""myseries""",2
"""michelleyeoh""",1
"""businessflash""",1
"""wendys242""",1
"""anarchicallyyours""",1
"""relaxmusic""",2
"""azÉ™rbaycan""",1
"""æ¥½å¤©ã‚»ãƒ¼ãƒ«""",1
"""à¸•à¸¥à¸²à¸”à¸™à¸±à¸”à¹€à¸‹à¹€à¸§à¹ˆà¸™à¸—à¸µà¸™""",1
"""justin""",1
"""adamsandler""",1
"""ebaysales""",1
"""reselling""",1
"""donipa""",1
"""saÄŸlÄ±k""",1
"""à¸•à¸²à¸¡à¸«à¸²""",1
"""aou""",1
"""ãƒ›ãƒ¼ãƒ ç”»é¢""",1
"""rumor""",1
"""lykluk""",1
"""inspiration""",1
"""chassepatate""",1
"""monterey""",1
"""experimaxneorl""",1
"""buyselltrade""",1
"""techy""",2
"""derby""",1
"""sportsminister""",1
"""aluminum""",1
"""expert""",1
"""bodybuilding""",1
"""gp""",1
"""southafrica""",1
"""clericaljobs""",1
"""å¦®æ˜¯è€è™""",1
"""å‰µé€ åŠ›""",1
"""å­¸ç¿’""",1
"""ã‚¸ãƒ£ã‚¢ãƒ•ã‚¡ã§æ‰‹æŠ¼ã—""",1
"""applerecipes""",1
"""eastasia""",1
"""fruitszipper""",1
"""prichan""",1
"""casinogame""",1
"""sinchew""",1
"""onlinesafety""",1
"""à¸•à¸¥à¸²à¸”à¸™à¸±à¸”enhypen""",1
"""officialé«­ç”·dism""",1
"""intelligenzaartifciale""",1
"""tataipl""",1
"""æ­Œã„æ‰‹ã•ã‚“mixå¸«ã•ã‚“çµµå¸«ã•ã‚“å‹•ç”»å¸«ã•ã‚“ã¨pã•ã‚“ç¹‹ãŒã‚ŠãŸã„""",1
"""marketingonline""",1
"""æ˜¥ã®ä¼‘è‚ã”è¤’ç¾ã‚­ãƒ£ãƒ³ãƒšãƒ¼ãƒ³""",1
"""è±†çŸ¥è­˜""",1
"""airpodsà¸‚à¸­à¸‡à¹€à¹€à¸—à¹‰""",1
"""à¹à¸­à¸£à¹Œà¸à¸­à¸•""",1
"""ipados17""",1
"""dirittidicopia""",1
"""overdrive""",1
"""bookstagram""",1
"""libreros""",1
"""repairiphone""",1
"""plus""",1
"""cybersecurity""",85
"""twinflame""",2
"""virgo""",2
"""aquarius""",2
"""agustd""",2
"""wallpapers""",2
"""kirie""",1
"""macbook""",21
"""cannabiscommunity""",1
"""amazondeals""",3
"""tech""",71
"""oneplusace2""",1
"""5g""",10
"""peoplept2""",2
"""setup""",1
"""officedecor""",1
"""deskgoals""",1
"""uk""",2
"""insideout""",1
"""chipolo""",1
"""adventure""",1
"""cashback""",2
"""breathofthewild""",1
"""customreplies""",1
"""tecno""",1
"""vivo""",3
"""lagos""",2
"""coque""",1
"""applewatchseries7""",1
"""applewatchseries5""",2
"""keyboardios""",1
"""indyapril""",1
"""company""",6
"""ethereum""",2
"""lostworldsnft""",1
"""zonajajan""",12
"""cybersecurite""",1
"""å…«æœˆæœªå¤®""",2
"""towerfasteners""",1
"""thelastthinghetold""",1
"""èªè¨¼ä»£è¡Œ""",2
"""soundcloud""",2
"""twitter""",16
"""rap""",5
"""customerservice""",1
"""ios164""",1
"""crashdetection""",1
"""à¸•à¸¥à¸²à¸”à¸™à¸±à¸”nctdream""",5
"""militarysf""",5
"""lfendesa""",1
"""screwingthelittleguy""",1
"""tensorflow""",1
"""golfesttropez""",1
"""ã´ã‚‹ã‚ã½""",4
"""æ›²é–""",3
"""lorivallowtrial""",2
"""3dlashes""",1
"""apples""",10
"""taiche""",1
"""art""",16
"""torta""",1
"""stream""",1
"""charts""",1
"""datascience""",5
"""samaaenglish""",1
"""poshmark""",6
"""hipster""",1
"""kul""",3
"""notizie""",2
"""tecnologia""",19
"""lucky""",1
"""fantasyromance""",2
"""reverseharem""",2
"""dragons""",2
"""bisakdeixgrammys""",7
"""bookparty""",1
"""iphone15pro""",8
"""pharaoh""",1
"""wnba""",1
"""f1""",1
"""ç¶ºéº—""",1
"""mavs""",1
"""bow""",1
"""focus""",2
"""almiron""",1
"""dopeasyola""",1
"""ãƒ©ã‚¸ã‚ª""",2
"""ä½ä¹…é–“å®£è¡Œann0""",1
"""historicalromance""",5
"""ãƒ©ãƒ¼ã‚²ãƒªã‚ˆã‚Šæ„›ã‚’è¾¼ã‚ã¦""",1
"""sanfrancisco""",2
"""symphony""",1
"""podcasts""",6
"""datasanitization""",1
"""drawings""",1
"""salesforcetour""",1
"""bucktick""",1
"""bmw""",1
"""retailnews""",1
"""inventory""",1
"""woocommerce""",1
"""radioecz""",1
"""radio""",3
"""äºšé©¬é€Š""",1
"""valueinvestor""",1
"""pakistan""",3
"""winwithting""",1
"""mundogeneracional""",1
"""cinephile""",1
"""apecoin""",1
"""forwardmadison""",1
"""sauce""",1
"""scamming""",1
"""buyingcontent""",2
"""æ—¥å‘å‚46""",1
"""warrior""",1
"""most""",1
"""each""",1
"""lostairpod""",1
"""code""",2
"""cve""",2
"""biconomyexchange""",1
"""bit""",1
"""iphone14plus""",4
"""watchos9""",2
"""newsbreak""",3
"""ãƒãƒ‹ãƒ€ãƒª""",1
"""narroworld""",1
"""boxingnews""",1
"""æ‰‹æ›¸ã""",1
"""people""",1
"""him""",1
"""yoasobiã‚¢ã‚¤ãƒ‰ãƒ«""",1
"""complacentes""",1
"""Ø§Ø­Ù…ÙŠ_Ù†ÙØ³Ùƒ_Ø¹Ù„Ù‰_Ø§Ù„Ø§Ù†ØªØ±Ù†Øª""",2
"""eth""",1
"""facts""",2
"""alnortonbooks""",1
"""ccnctv""",1
"""thehearingpodcast""",1
"""à¸«à¸²à¸£applemusic""",2
"""thesims4""",2
"""ts4""",2
"""sims""",2
"""Ø¬Ø§ÙˆÛŒØ¯_Ø´Ø§Ù‡""",1
"""billboardcorrupt""",19
"""m2""",3
"""workinprogress""",1
"""westyorkshire""",1
"""à¸•à¸¥à¸²à¸”à¸™à¸±à¸”wooah""",1
"""technicalguruji""",1
"""aviation""",1
"""money9""",1
"""å°ç”°ã•ãã‚‰""",1
"""santrampaljiquotes""",1
"""apple_man""",1
"""meta""",7
"""shahrukhkhan""",1
"""applepencilà¸¡à¸·à¸­à¸ªà¸­à¸‡""",7
"""applepencilà¸¡à¸·à¸­2""",3
"""investors""",2
"""mhma2023""",30
"""shirokuromeerkat""",1
"""vizagsteelplant""",1
"""adanigroup""",8
"""virupaksha""",1
"""playstation5""",3
"""newemoji""",2
"""snapdragon""",1
"""manzana""",1
"""hamamini""",1
"""hamabeadsart""",1
"""à¸ªà¹ˆà¸‡à¸•à¹ˆà¸­à¹„à¸­à¹‚à¸Ÿà¸™à¸¡à¸·à¸­à¸ªà¸­à¸‡""",1
"""techtongue""",1
"""aiartistcommunity""",1
"""ì¿ íŒ¡""",2
"""ì‡¼í•‘""",2
"""torontofc""",1
"""mlsnextpro""",1
"""tv""",1
"""nycfc""",1
"""ihop""",1
"""tenxdaebakshow""",1
"""macbookair15""",1
"""cyberrisk""",1
"""dr""",1
"""vwfc""",1
"""í–‡ì‚´ë³´ë‹¤_ëˆˆë¶€ì‹¤_ì„ ìš°ì˜_ìŠ¤ë¬¼ë„·""",1
"""pennylane""",2
"""harrison""",2
"""entrepreneur""",3
"""skynet""",1
"""f4f""",1
"""cex""",3
"""äººäº‹ã‚Šã‚“ã”ã®å½“é¸çµæœ""",1
"""liverpool""",1
"""sweettreats""",1
"""chatgpt4""",1
"""tuesdayvibe""",2
"""tuesdaymotivations""",3
"""ios5""",2
"""openai""",3
"""alexa""",4
"""kidstvshow""",1
"""creatividad""",1
"""bakedgoods""",1
"""delish""",1
"""awareness""",6
"""intelligence""",8
"""detect_and_response""",6
"""cyberthreat""",6
"""airpodsà¸¡à¸·à¸­2""",4
"""rajabhaiyadivorce""",1
"""salmankhan""",9
"""omshanti""",3
"""æ±æ´‹çµŒæ¸ˆã‚ªãƒ³ãƒ©ã‚¤ãƒ³""",1
"""throwbacktech""",1
"""vintagecomputers""",1
"""computerhistory""",1
"""treggadgets""",1
"""æ±äº¬ä¸­å¤®ç·š""",1
"""unforgiven_conceptphoto1""",2
"""competition""",2
"""zumbullaw""",1
"""dipdiphooray""",1
"""envyapple""",1
"""morecheeseplease""",1
"""stablediffusionxl""",1
"""austin""",2
"""dcaboveall""",1
"""åœ°ç„dc""",1
"""legendofsrichandxmileapo""",2
"""applesupport""",1
"""taeb2""",1
"""wwdc""",3
"""ã­ãã›""",1
"""vibewithme""",1
"""nftfam""",1
"""familygames""",1
"""ipadà¸¡à¸·à¸­à¸ªà¸­à¸‡""",3
"""healthcare""",3
"""diet""",1
"""ufckansascity""",1
"""freepicks""",1
"""nfl""",2
"""bluetooth""",1
"""inversionesam""",1
"""supportingemergingartists""",1
"""renewableenergy""",2
"""gearbuyingguides""",1
"""gm""",2
"""Ø§Ù„Ø¨ÙŠØªÙƒÙˆÙŠÙ†""",2
"""florida""",1
"""chill""",1
"""np""",2
"""hacker""",9
"""mlstv""",1
"""bhakts""",1
"""applestoredelhi""",5
"""gposers""",1
"""ffxivscreenshots""",1
"""eorzeaphotos""",1
"""applesheep""",1
"""rosewater""",1
"""cukaapelasli""",1
"""cukaapelbragg""",1
"""applecider""",1
"""cukaapelbraggmurah""",1
"""backscreen""",1
"""prototype""",1
"""ã‚«ã‚ºãƒ¬ãƒ¼ã‚¶ãƒ¼ã¨å­¦ã¶""",1
"""amazonbooks""",1
"""é«˜æ©‹å¹¸å®""",1
"""techupdate""",2
"""pthtv""",1
"""techworld""",2
"""sega""",1
"""2000s""",1
"""ä¸‰æ˜Ÿ""",1
"""orchardrestoration""",1
"""odd""",1
"""nutansaurashtra""",1
"""phigros""",1
"""worldsbestflatmate""",1
"""dready""",1
"""sketching""",2
"""cannabis""",3
"""à¸à¸±à¸à¸Šà¸²à¸”à¸­à¸™à¹€à¸¡à¸·à¸­à¸‡""",1
"""shopping""",4
"""æ—¥å¸¸å¢""",1
"""rnbonly""",1
"""tver""",3
"""fallrecipes""",1
"""lilwayne""",1
"""ä¹”ä¼Šä¸""",2
"""arcade""",1
"""visitthevillage""",1
"""podcastenespaÃ±ol""",1
"""macrumors""",1
"""qalboxshows""",1
"""wefeedyou""",1
"""edinburgh""",1
"""freebook""",2
"""prompts""",1
"""niftyoptions""",7
"""terra""",7
"""asaechq""",1
"""texastech""",1
"""gunsup""",1
"""à¸à¸´à¸™à¸•à¸²à¸¡ai""",1
"""di""",1
"""publi""",1
"""time""",1
"""audience""",1
"""inspiredbynature""",1
"""kuwait""",1
"""impact""",1
"""wise""",1
"""todayinstemhistory""",2
"""infrastructure""",1
"""history""",4
"""history101""",1
"""éŸ“å›½ã®ãŠè“å­""",1
"""tjsla""",1
"""fantasybaseball""",2
"""aiphotography""",1
"""caribbean""",1
"""latamfocus""",1
"""abuse""",1
"""queencitycafergv""",1
"""findx6pro""",1
"""fallinbow""",1
"""j_jun""",8
"""switzerland""",1
"""california""",2
"""sos""",1
"""boymoms""",1
"""kidsports""",1
"""amoled""",1
"""4kwallpaper""",1
"""ã‚¸ã‚§ã‚¸ãƒ¥""",1
"""ghana""",7
"""fÃ¸royar""",1
"""stocksinfocus""",1
"""endlesssummervacation""",1
"""buenosaires""",1
"""ao3feed""",1
"""willgraham""",1
"""red""",5
"""r6""",1
"""dualsim""",3
"""nctãƒˆãƒ¬ã‚«äº¤æ›è­²""",1
"""air""",1
"""technewsindia""",1
"""stepapp""",1
"""tecnolÃ³gicas""",1
"""jokes""",2
"""nb4""",1
"""allinone""",1
"""2023å¹´è³‡é‡‘""",1
"""cuadrantedeportivo""",1
"""laporanpenjualanappleq12023""",1
"""penjualanmacbookturun2023""",1
"""milet""",1
"""menshealth""",1
"""thestrat""",1
"""accessori""",1
"""mercado""",1
"""realitydeniers""",1
"""dutchfarmers""",1
"""rebrand""",1
"""faitÃ lamain""",1
"""worshipleader""",1
"""software""",2
"""carlinkit""",2
"""hzmcoin""",1
"""å…«è¡—å¸‚""",1
"""åƒè‘‰""",1
"""goodeats""",1
"""ocd""",1
"""obsessivecompulsivedisorder""",1
"""gamingcommunity""",1
"""weststigers""",1
"""singersongwriter""",1
"""mnp""",1
"""eticaret""",1
"""nct127""",1
"""themarvels""",10
"""awardwinning""",1
"""aurabytranscorphotels""",1
"""documentaries""",1
"""atlanta""",1
"""domino""",3
"""electronicsdeals""",1
"""trailermusic""",1
"""logicpro""",1
"""sophos""",1
"""atma""",1
"""icloudlocked""",1
"""bestseller""",1
"""offerteamazon""",2
"""vaminoxfortpeat""",1
"""giveaways""",2
"""mobilephone""",1
"""polaroid_love""",1
"""ì—”í•˜ì´í”ˆ""",1
"""shareplay""",2
"""linux""",1
"""espn""",2
"""environmental""",1
"""nationalstrikenow""",1
"""artistph""",1
"""chingching""",1
"""simulation""",1
"""ã‚³ãƒ³ãƒš""",1
"""ministryoffinance""",2
"""live3tv""",1
"""3verse""",1
"""police""",1
"""atiqahmad""",1
"""gloo""",2
"""ecosistemaonline""",2
"""gamers""",1
"""mobilegaming""",1
"""siriaccessibility""",2
"""disabilityfriendly""",1
"""freedom""",1
"""crisis""",1
"""kanye""",2
"""toto""",2
"""brands""",1
"""spotifyplaylist""",1
"""newplaylist""",1
"""unsignedhour""",1
"""fitindia""",1
"""dalle2""",1
"""midjourneyai""",1
"""macmini""",1
"""gabrielspromise""",1
"""mdm""",1
"""emily""",1
"""computing""",2
"""osx""",1
"""drmartens""",1
"""à¸™à¸§à¸”à¸šà¸²à¸‡à¸à¸°à¸›à¸´""",1
"""wirelessdongle""",2
"""ã‚µãƒã‚»ãƒ³""",1
"""wallydarlingfanart""",1
"""urjd""",1
"""pinturarankingbsn""",2
"""pomodoro""",2
"""lebenshack""",1
"""aapl34""",1
"""dodgers""",1
"""angels""",1
"""ã‚¢ãƒƒãƒ—ãƒ«ã‚¦ã‚©ãƒƒãƒãƒãƒ³ãƒ‰""",1
"""ecw""",1
"""campfireclassics""",1
"""technologyyoucantrust""",1
"""socialistmusic""",1
"""roots""",1
"""ep""",1
"""predlogtip""",1
"""maga""",1
"""iphonesupport""",6
"""marvelstudios""",1
"""æŸŠäºº""",1
"""order""",1
"""phonecase""",1
"""winter""",1
"""techbase""",2
"""brotherhood""",2
"""titizolcom""",1
"""ikincielgiyim""",1
"""applegoaway""",1
"""ã‚¿ãƒ¼ãƒªãƒ¼""",1
"""æ±ãƒ—ãƒ©""",1
"""rwot""",1
"""smarthome""",1
"""applekyiv""",1
"""macbook2023""",2
"""bunnies""",1
"""longcovid""",1
"""gmailsupport""",1
"""bbb23""",6
"""ç§˜å¯†çµç¤¾password""",1
"""dfir""",1
"""webkit""",1
"""ë³´ì´ì¦ˆí”Œë˜ë‹›""",2
"""humans""",2
"""livemusic""",1
"""80smusic""",1
"""smartnews""",1
"""buylikecrazy""",4
"""blackwingpencil""",1
"""widgets""",1
"""countrylife""",1
"""zone7""",1
"""æ–‡çˆ±""",1
"""mikegallagher""",1
"""freemilesguo""",1
"""pandemic""",1
"""remotework""",1
"""inhousechips""",1
"""windows11""",1
"""é’æ£®å¸‚""",1
"""funnyanimals""",1
"""undiacomohoy""",1
"""thefinestunfiltered""",1
"""fitlife""",1
"""banks""",3
"""iphone_7""",1
"""donmcgovern""",2
"""authors""",1
"""verkÃ¤ufe""",2
"""æ£®æ°¸è£½è“""",1
"""iphonexsmax""",1
"""ordinateurportable""",2
"""fineart""",1
"""iphoneè²·å–""",1
"""elijahcanlas""",2
"""livestreaming""",1
"""penedÃ¨s""",1
"""payments""",2
"""sportsmarketing""",1
"""buynow""",1
"""untappd""",1
"""beeroclock""",1
"""awaazstory""",1
"""ãƒŸã‚»ã‚¹""",2
"""ãƒŸã‚»ã‚¹gu""",2
"""æœ‰å„Ÿã‚¤ãƒ©ã‚¹ãƒˆ""",1
"""vodafone""",1
"""canyousurvivethispodcast""",1
"""inec""",1
"""offradar""",1
"""usdcop""",1
"""differentinsideandout""",1
"""artofgoin""",1
"""urbanart""",1
"""itsnotwhatyouthink""",1
"""meditationmusic""",2
"""prabhuwrites""",1
"""prabhu""",1
"""localartsandcrafts""",1
"""airheads""",1
"""heavymetal""",1
"""resell""",1
"""ebayreseller""",1
"""fxkudi4moneytransfer""",4
"""casadellibro""",1
"""billyconnolly""",1
"""ã‚¢ãƒƒãƒ—ãƒ«ã‚¦ã‚©ãƒƒãƒ""",1
"""straykidsäº¤æ›""",1
"""penandink""",2
"""à¸•à¸¥à¸²à¸”à¸™à¸±à¸”wayv""",2
"""winwin""",1
"""ã‚¤ãƒã‚¸ã‚¯ã‚­ãƒ¥ãƒ¼""",1
"""brandnew""",1
"""spain""",1
"""arcadegame""",3
"""ä¸‰å¯¸èè‰""",2
"""æœ‰è¶£""",1
"""jazz""",1
"""dairyproducts""",1
"""slotgame""",2
"""over""",1
"""information""",1
"""hersteller""",1
"""winners""",1
"""cnpfriends""",1
"""techtuesdays""",2
"""skittles""",1
"""afrique""",1
"""politique""",1
"""economic""",1
"""ecommerce""",1
"""à¸•à¸¥à¸²à¸”à¸™à¸±à¸”enhyphen""",1
"""zeetamilnewspoll""",1
"""ãƒãƒƒã‚¯ãƒŠãƒ³ãƒãƒ¼""",1
"""æ²æ²ç¡ä¸ç€""",1
"""nothing""",1
"""donnalisi""",1
"""borrowbox""",1
"""car""",1
"""microsoldering""",1
"""screenrepair""",2
"""aries""",2
"""scorpio""",2
"""ì‚¬ëŒ_pt2""",1
"""new""",8
"""liquidloungevol2""",1
"""iphone14""",28
"""deal""",7
"""dealsoftheday""",2
"""seo""",36
"""ai""",73
"""pc""",13
"""android""",41
"""likeforlike""",9
"""follow4follow""",9
"""technews""",30
"""world""",10
"""gadgets""",25
"""pcsn""",1
"""multiverse""",1
"""agustdxiu""",3
"""xreart""",1
"""homeoffice""",1
"""desksetup""",2
"""getyospinechecked""",1
"""chiropracticstudent""",1
"""rtå¸Œæœ›""",7
"""applegeek""",1
"""appletech""",2
"""applefan""",1
"""summer2023""",1
"""dreaming""",1
"""extrapolations""",1
"""harmonygroupng""",1
"""premiergadgetsng""",1
"""infinix""",1
"""nowplaying""",54
"""lagoonradio""",9
"""test""",2
"""support""",2
"""ebook""",13
"""navennuknuk""",1
"""mnpsreads""",1
"""manga""",1
"""adele""",1
"""carbon""",2
"""sign_of_tradition""",1
"""aviron""",1
"""blockchain""",9
"""æŸšå­çŒ«""",1
"""uniqueguitars""",1
"""sevenyorch""",1
"""keynote""",2
"""streaming""",5
"""paraflixx""",1
"""growth""",1
"""stjohnsrealtor""",1
"""indiemusic""",3
"""tuesday""",1
"""timetowalk""",1
"""cryptothoughts""",1
"""scifibooks""",5
"""btsjimin""",1
"""applecash""",1
"""intel""",4
"""gassin""",1
"""peeltheapple""",5
"""adversity""",1
"""challenges""",1
"""ebay""",8
"""durante""",1
"""connections""",1
"""fyp""",6
"""reels""",1
"""3ds""",1
"""appleiphone""",3
"""applepencil""",4
"""finalcutpro""",1
"""fcpx""",1
"""filmmaking101""",1
"""ayearofapples""",1
"""ã‚¹ã‚¬ã‚·ã‚«ã‚ª""",1
"""digitallife""",2
"""medium""",2
"""creator""",2
"""nerevs""",1
"""cloud""",5
"""remote""",4
"""aws""",2
"""bigdata""",7
"""makesomethingbeautiful""",1
"""bestpriceinnigeria""",1
"""homemade""",1
"""utbildning""",3
"""mollyshannon""",1
"""lovetoread""",1
"""fornitori""",1
"""luxshare""",1
"""visoremr""",1
"""romancebooks""",2
"""fae""",2
"""theafterparty""",9
"""applehealth""",1
"""xiaomi""",9
"""julienavickas""",1
"""setmefree_pt2""",2
"""basketball""",1
"""barnstormers""",1
"""law""",2
"""vulnmanagement""",1
"""intrapreneur""",1
"""cyberattack""",7
"""ransomware""",6
"""ã„ã„ã­""",1
"""ç§ã‚’ãƒ•ã‚©ãƒ­ãƒ¼ã—ã¦""",1
"""attitude""",1
"""parmsingh""",2
"""singer""",2
"""coveredapple""",1
"""marvel""",2
"""reliancedigital""",1
"""musicians""",2
"""lunÃ©""",1
"""abstractart""",1
"""portrait""",1
"""lunaticablivion""",1
"""coffeechat""",1
"""love""",2
"""à¸•à¸¥à¸²à¸”à¸™à¸±à¸”sf9""",1
"""noticias""",4
"""fed""",1
"""aqueeninchrist""",1
"""applestock""",1
"""stocksandshares""",1
"""m1æ­è¼‰""",4
"""soupstoday""",1
"""massshootings""",1
"""zerodays""",3
"""garden""",2
"""losangeles""",3
"""fintwit""",1
"""btwitfi""",1
"""rakuafl""",7
"""cc""",1
"""banklogs""",1
"""packs""",1
"""ccswipe""",1
"""brawlstars""",1
"""muslimsinindia""",1
"""week""",1
"""ipv6""",1
"""delhiapplefans""",1
"""ipadair""",3
"""applemusic_ailetheshota""",1
"""honeydarlin""",1
"""ailetheshota""",1
"""benjilock""",1
"""å…¥è·é€Ÿå ±""",6
"""violin""",1
"""birthdaygift""",1
"""filmtwitter""",1
"""aboutusbutnotaboutus""",4
"""inversiones""",1
"""into""",1
"""Ú†ÙˆØ±_ÛÙ¹Ø§Ø¤_Ù…Ù„Ú©_Ø¨Ú†Ø§Ø¤""",1
"""rndr""",1
"""æœ±å¯å„¿""",1
"""Ø§Ù„Ø£Ù…Ù†_Ø§Ù„Ø³ÙŠØ¨Ø±Ø§Ù†ÙŠ_Ù…Ø³Ø¤ÙˆÙ„ÙŠØ©_Ø§Ù„Ø¬Ù…ÙŠØ¹""",2
"""help""",2
"""surprising""",1
"""exclusive""",1
"""dinero""",1
"""fuckapple""",1
"""jdc""",1
"""behindthesims""",1
"""projectrene""",1
"""f5""",1
"""airpods3""",2
"""å‡ºå“äºˆå…†_""",2
"""dailytree""",1
"""dailydog""",1
"""reward""",1
"""earn""",1
"""buzzipper""",1
"""marriageofconvenience""",1
"""piper""",1
"""feature""",2
"""yellowjackets""",1
"""iveive""",1
"""hvac""",2
"""appsgonefree""",4
"""itunes""",10
"""ã‚¸ãƒ¥ãƒ¼ã‚·ãƒ¼ãªãƒ‰ãƒ©ãƒ """,1
"""æ‚ªé­”çš„ã‚¬ãƒ¼ãƒªãƒƒã‚¯ãƒ›ãƒƒãƒˆ""",1
"""ãƒ‰ã‚¤ãƒ„""",2
"""streampeoplept2forhot100""",1
"""medicine""",1
"""pathaan""",1
"""johnabraham""",1
"""chatgpt""",12
"""blacklivesmatter""",1
"""à¸›à¸²à¸à¸à¸²à¹„à¸­à¹à¸à¸”""",5
"""à¸›à¸²à¸à¸à¸²à¹„à¸­à¹à¸à¸”à¸¡à¸·à¸­2""",2
"""options""",3
"""optionsflow""",2
"""doÄŸruadam""",1
"""turkiyeyÃ¼zyÄ±lÄ±""",1
"""mansuryavaÅŸ""",1
"""ml""",9
"""mhma2023buildjakapan""",25
"""bringbitapesback""",1
"""atiqueahmed""",2
"""okapi""",1
"""dokyeom""",1
"""samsunggalaxys23ultra""",1
"""samsungs23ultra""",1
"""samsungdraw""",1
"""euhealth""",1
"""protection""",2
"""banana""",2
"""hamabeadsmini""",1
"""freak""",1
"""xcode""",2
"""ufc287""",2
"""99c""",1
"""outnow""",1
"""iheartradio""",1
"""mountains""",1
"""craftsupplies""",1
"""shopsmall""",1
"""greenagatebeads""",1
"""ten""",2
"""todayilearned""",1
"""jazzapples""",1
"""itsjazztime""",1
"""iphone6s""",1
"""cyberawareness""",1
"""ã¨ã‚‰ã‚¹ã‚«""",1
"""casino""",5
"""dreamvillefest2023""",1
"""cellphonesafety""",3
"""whostoxicitsyou""",1
"""ohioontap""",1
"""speakofthedevil""",1
"""newsong""",1
"""thundersunwooday""",1
"""lemino""",1
"""ç”·ã®å­ã®ãŸã‚ã«å¯æ„›ã„ã‚ã‘ã˜ã‚ƒãªã„""",1
"""dentistsnightmare""",1
"""wbz""",1
"""alternative""",1
"""imac""",7
"""satoshi""",1
"""giddy""",1
"""lovestruck""",1
"""pablotvshow""",1
"""microtutorial""",1
"""frasesdeldia""",1
"""à¸ªà¹ˆà¸‡à¸•à¹ˆà¸­à¹à¸­à¸£à¹Œà¸à¸­à¸•""",1
"""yangchaoyue""",1
"""ananyapanday""",3
"""authority""",1
"""legal""",1
"""advocacy""",1
"""fondue""",1
"""booktube""",1
"""synthography""",1
"""sdxl""",1
"""fantasyfootball""",2
"""indeed""",1
"""hanse""",1
"""appleproducts""",2
"""financial""",2
"""chatgtp""",1
"""meyve""",1
"""growantiguaandbarbuda""",1
"""bigandbold""",1
"""å²¡é‡é™½ä¸€""",1
"""goldenappleofrockford""",1
"""automobileindustry""",1
"""wef""",1
"""exercise""",1
"""ufc""",1
"""goodvibes""",1
"""techjourno""",2
"""aktien""",1
"""jungkook""",4
"""vpdfo""",1
"""iphoneä¿®ç†""",5
"""iphonese""",2
"""spx""",1
"""gendern""",1
"""cfc""",1
"""auraapril""",1
"""ffxivsnaps""",1
"""fido""",1
"""dellalienware""",1
"""acv""",1
"""jualcukaapel""",1
"""skincare""",1
"""iphone12promax""",1
"""iphonescreenrepair""",1
"""wwdc2023""",1
"""stanleyparableau""",1
"""his""",1
"""à¸ªà¹ˆà¸‡à¸•à¹ˆà¸­applewatch""",4
"""ssmdungf54""",1
"""technologynews""",9
"""belaunch""",2
"""megapari""",1
"""iddaa""",1
"""calcutta""",1
"""password""",1
"""technologytrends""",1
"""headlines""",1
"""gamer""",2
"""ç¶­æ²ƒ""",1
"""moft""",1
"""justshredit""",1
"""modernart""",1
"""à¸à¸±à¸à¸Šà¸²à¸­à¸±à¸”à¹à¸—à¹ˆà¸‡""",1
"""supermariomovie""",3
"""optionselling""",1
"""aiartcommuity""",2
"""æ—¥å¸¸å¢ã¨ç¹‹ãŒã‚ŠãŸã„""",1
"""ã‚¿ãƒ”ã‚ªãƒ³""",1
"""rihanna""",1
"""bugbountytips""",1
"""ipl2023""",3
"""ipl23""",2
"""tutorials""",2
"""hÄ±phopmusÄ±c""",1
"""rickross""",1
"""ãƒ¬ãƒ‡ã‚£ã‚ªãƒãƒ–ãƒ•ã‚¡ãƒ³""",1
"""webdevelopment""",1
"""marauders""",1
"""deltebre""",1
"""lampolla""",1
"""santjaume""",1
"""upgrades""",2
"""æ—¥æœ¬æ ª""",3
"""muslimproramadan""",1
"""hightech""",2
"""afirmaciones""",1
"""manufacturing""",1
"""bauru""",1
"""covid""",1
"""alephksa""",1
"""admissions""",1
"""tenminutetuesday""",1
"""bergerpaint""",1
"""bankofbaroda""",1
"""virtuellerealitÃ¤t""",1
"""nftnyc2023""",1
"""stemactivity""",2
"""desktop""",2
"""adoptdontshop""",1
"""ã‚‹ã®å§‰ã¯ã“ã‚„æ¸›é‡è¨˜éŒ²""",1
"""gangoflagos""",1
"""macintosh""",1
"""lamorning""",1
"""åŒ—ç±³å”¯ä¸€ã®æ—¥æœ¬èªãƒ©ã‚¸ã‚ª""",1
"""cejourla""",1
"""digitalhistory""",1
"""chathot""",1
"""aiphoto""",1
"""svbcrash""",1
"""dreamfanart""",1
"""dream""",1
"""coding""",1
"""nfrealmusic""",1
"""rolltide""",1
"""applewatches""",1
"""techgaint""",1
"""fear""",1
"""dhpgml""",1
"""honor""",1
"""thesims4infants""",1
"""ts5""",1
"""lovecovers""",2
"""lamattaeyewear""",1
"""fbi""",4
"""sportkids""",1
"""4kwall""",1
"""catsoftwitter""",1
"""syltips""",1
"""newschool""",1
"""tattooes""",1
"""à¹€à¸Šà¸µà¸¢à¸‡à¹ƒà¸«à¸¡à¹ˆà¸¡à¸µà¸Šà¸²à¸¥à¹‡à¸­à¸•""",1
"""ä»»å¤©å ‚""",2
"""1991top20""",2
"""appleseamoss""",1
"""applecinnamon""",1
"""landsales""",1
"""romanticsuspense""",1
"""newshow""",1
"""warrenbuffett""",1
"""ipc""",1
"""ramadan""",1
"""watchosx""",1
"""widget""",1
"""deathcore""",1
"""luckywinner""",1
"""scicomm""",1
"""seiragram""",1
"""ancientpickuplines""",1
"""bijoutier""",1
"""worshipleaderprobs""",1
"""algorithm""",3
"""apk""",1
"""advanceddataprotection""",1
"""youpic""",1
"""superstitions""",1
"""myplate""",1
"""eshop""",1
"""prize""",1
"""charity""",1
"""ãƒ•ã‚£ã‚¤ãƒ³""",1
"""cybermonday""",1
"""soldes""",1
"""kathrynleveque""",1
"""applewatchs8""",1
"""reshre4""",1
"""netflix""",3
"""daleplay""",1
"""miamifilm""",1
"""juddhirsch""",1
"""bugvel""",1
"""shrek5""",1
"""kriptopara""",1
"""bitay""",1
"""softlifeonly""",1
"""afrocentric""",1
"""logarithmsvia""",1
"""blur""",2
"""dalle""",2
"""à¸ªà¹ˆà¸‡à¸•à¹ˆà¸­apple""",1
"""syncmusic""",1
"""vm2sandbox""",1
"""nytimes""",4
"""sconti""",2
"""contests""",1
"""openupnewworlds""",1
"""jannayakashokgehlot""",14
"""phantomvfold""",1
"""historyfacts""",1
"""enhypen""",2
"""thewitchtrialsofjkrowling""",1
"""ç‡»è£½å±‹é‡‘ï½ºï½°ï½½é»’ï½ºï½°ï½½ï½·ï½¬ï¾ï¾ï¾Ÿï½°ï¾""",1
"""psshare""",1
"""appleblog""",3
"""magallanes""",1
"""shivrajpur""",1
"""hopkinton""",1
"""pistons""",2
"""à¸›à¸±à¹Šà¸¡à¹à¸£à¸‡à¸„à¹Œrov""",1
"""digitalmarketing""",2
"""æ­Œã„æ‰‹""",2
"""goodwillhunting""",1
"""rabbithole""",1
"""siliconvalleybank""",1
"""cse""",1
"""powerbank""",1
"""Ø§Ù„Ù‡Ù„Ø§Ù„_Ø§Ù„Ø·Ø§Ø¦ÙŠ""",1
"""taiwanexports""",2
"""enea""",1
"""janinegutierrez""",1
"""à¸•à¸¥à¸²à¸”à¸™à¸±à¸”txt""",1
"""fake""",2
"""iosdevelopers""",1
"""getpaid""",1
"""applesiri""",2
"""scope3""",1
"""bigbang""",1
"""400mhurdles""",1
"""speed""",1
"""screamvi""",1
"""freaknik""",2
"""supportordinateur""",1
"""freebooks""",1
"""dimashqudaibergen""",3
"""playlistcurator""",1
"""techno""",2
"""vulner""",1
"""gabrielseries""",1
"""newskarnataka""",1
"""buch""",2
"""thegodlifepodcast""",1
"""newepisodealert""",1
"""ã‚«ãƒ³ã‚¶ãƒ³""",1
"""à¸™à¸§à¸”à¸£à¸²à¸¡à¸­à¸´à¸™à¸—à¸£à¸²""",1
"""ramayapplewirelesscarplayadaptor""",1
"""querdenker""",1
"""hearingloss""",1
"""reitsforhousing""",1
"""carplayadapter""",1
"""produktivitÃ¤t""",1
"""ìƒì‚°ì„±""",1
"""lifehack""",1
"""applepancakerecipe""",1
"""rockies""",1
"""mntwins""",1
"""è…•æ™‚è¨ˆ""",1
"""chance""",1
"""featured""",1
"""podbean""",2
"""fayettevillear""",1
"""easter2023""",1
"""hackersnews""",4
"""tiketdana""",1
"""streamfor_suga""",1
"""sketch""",1
"""hero""",1
"""mixed""",1
"""peggycarter""",1
"""25_apple""",1
"""japan""",2
"""yen""",1
"""Ã¶sterreich""",1
"""winedown""",1
"""vulnerabilidad""",1
"""twig""",1
"""tromafilms""",1
"""fourelms""",1
"""à¸•à¸¥à¸²à¸”à¸™à¸±à¸”à¹à¸šà¸¥à¹‡à¸„à¸à¸´à¹‰à¸‡à¸„à¹Œ""",1
"""yenile""",1
"""sahibinden""",1
"""ikinciel""",1
"""ã†ãŸã‚³ãƒ³""",1
"""à¸•à¸¥à¸²à¸”à¸™à¸±à¸”nct127""",3
"""srchafreen""",1
"""very""",1
"""Ù…Ø§ÙŠÙˆ""",1
"""applepremiumreseller""",1
"""gmail""",1
"""ã‚½ãƒ•ãƒˆãƒãƒ³ã‚¯""",1
"""comic""",1
"""howentertainment""",1
"""crollando""",1
"""stayrightheresummerremix""",1
"""wegowhere""",1
"""remarketing""",1
"""fameprogram""",1
"""ffxæ­Œèˆä¼""",1
"""airpod""",1
"""tunespeak""",1
"""yellow""",1
"""à¸­à¸²à¸ˆà¹€à¸›à¹‡à¸™à¹€à¸à¸£à¸²à¸°à¸‰à¸±à¸™à¹€à¸­à¸‡""",1
"""boysplanet""",2
"""mÃ©lyvÃ¶rÃ¶s""",1
"""cave""",2
"""html""",2
"""maxwidth""",2
"""rockandroll""",1
"""kjhdiscography""",1
"""collittleton""",1
"""wildapple""",1
"""udhayanidhistalin""",2
"""å¥³é™ª""",1
"""å“„ç¡""",1
"""ç§‘å­¦ã®ãƒ©ã‚¸ã‚ª""",1
"""dax""",2
"""powermac""",1
"""bookshots""",1
"""unionbusting""",1
"""pcmarket""",1
"""dropsofgod""",1
"""insider""",1
"""knowledge""",1
"""timesocial""",1
"""ãƒ€ãƒ©ã‚ºfm""",1
"""latestupdate""",1
"""fixit""",1
"""applepodcast""",2
"""ppkritt""",2
"""rfkjr""",1
"""mafiacity""",1
"""markt""",1
"""karnataka""",12
"""shoptwyiegadgets""",1
"""cyacartuja""",1
"""à¹€à¸•à¸™à¸¥à¹Œ""",1
"""stockandmore""",1
"""å‚æœ¬é¾ä¸€""",1
"""foreverlove""",1
"""é§¿é˜ªã¿ã‚“ãªå—ã‹ã‚Œ""",1
"""é£Ÿç‰©ç¹Šç¶­ãƒªãƒƒãƒ""",1
"""appleretailstores""",1
"""howtobeauty""",1
"""à¸•à¸¥à¸²à¸”à¸™à¸±à¸”blakpink""",1
"""change""",1
"""driveawaytoday""",1
"""usedvan""",1
"""genteconclase""",1
"""ä¾é ¼å‹Ÿé›†""",1
"""ariesszn""",1
"""nhlbruins""",1
"""moviepodcast""",1
"""cakedecorating""",1
"""streetart""",1
"""anarchie""",1
"""adobe""",1
"""æ¥½å¤©ãŠè²·ã„ç‰©ãƒãƒ©ã‚½ãƒ³""",2
"""labour""",1
"""billkin_mreverything""",1
"""å¤•æ–¹ãŠã˜ã•ã‚“ä¼š""",1
"""handblown""",1
"""sellingonebay""",1
"""r_boddsnends""",1
"""dondurulmuÅŸgÄ±da""",1
"""gÃ¼ven""",1
"""project""",1
"""delay""",1
"""thalia""",2
"""scotland""",1
"""hikinjo""",1
"""ãƒ“ãƒ¼ãƒ«ãƒ­ã‚°""",1
"""securityaffairs""",1
"""usedapple""",1
"""ãƒˆãƒ¬ã‚«äº¤æ›""",1
"""xmen""",1
"""samuraiguitarist""",1
"""pendrawing""",2
"""hut""",1
"""htc""",1
"""panasonic""",1
"""cashew""",1
"""goanlife""",1
"""handonggeun""",1
"""ë‹¤ì‹œì‚¬ë‘í•œë‹¤ë©´""",1
"""jackpot""",4
"""clerical""",1
"""xu100""",1
"""hisse""",1
"""russland""",1
"""æ± è¢‹æ‰‹æŠ¼ã—""",1
"""recipes""",1
"""mfathailand""",1
"""vfxjobs""",1
"""shortfilm""",1
"""fruitcake""",1
"""æ¥½å™¨æµ·è³Šparosu""",1
"""ãƒ—ãƒªãƒãƒ£ãƒ³""",1
"""quÃ©sabemosde""",1
"""open""",2
"""timeblog""",1
"""candy""",1
"""podcastlife""",1
"""newstore""",1
"""oneplusnordce3lite""",6
"""careers""",1
"""å„ªé‡Œ""",1
"""backnumber""",1
"""cricket""",1
"""marketingstrategy""",1
"""googleads""",1
"""facebookads""",1
"""à¹à¸­à¸£à¹Œà¸à¸­à¸”à¸¡à¸·à¸­à¸ªà¸­à¸‡""",2
"""iphone15ultra""",1
"""à¸•à¸¥à¸²à¸”à¸™à¸±à¸”stayc""",1
"""ã‚¢ãƒƒãƒ—ãƒ«ãƒŸãƒ¥ãƒ¼ã‚¸ãƒƒã‚¯""",1
"""libros""",1
"""frases""",1
"""emotionalintelligence""",1
"""samacharwala""",1
"""iphone""",160
"""cellphonerepair""",1
"""ipadrepair""",1
"""crackedscreen""",1
"""vulnerability""",14
"""tarot""",2
"""pixel7""",1
"""discounts""",3
"""socialmedia""",10
"""nasa""",1
"""graphql""",1
"""todaystic""",1
"""trentscheidecker""",1
"""appleelcorteingles""",1
"""lostluggage""",1
"""applenews""",16
"""declanrice""",1
"""ad""",72
"""samsung""",14
"""jbl""",1
"""atmpod""",1
"""bracelet""",1
"""applewatchseries6""",2
"""babyblue""",1
"""cryptocurrency""",6
"""persiapanlebaran""",1
"""technologyfacts""",1
"""bitcoinnews""",1
"""chollos""",1
"""æºå¸¯ç•ªå·èªè¨¼""",2
"""å­¦ç¿’""",3
"""yorch1stdebutandfanmeet""",1
"""ipads""",1
"""roku""",1
"""newfoundlandandlabrador""",1
"""iosdev""",2
"""swift""",4
"""à¸•à¸¥à¸²à¸”à¸™à¸±à¸”à¸­à¸‹à¸—""",6
"""spiritual""",1
"""btsarmy""",2
"""applepay""",5
"""thc""",1
"""amd""",2
"""æ©Ÿæ¢°å­¦ç¿’""",1
"""whattowatch""",1
"""viral""",2
"""richmondpark""",1
"""cook""",1
"""astilleroinforma""",1
"""asticharlas""",1
"""inflation""",4
"""albertsons""",1
"""3d""",2
"""3dminklashes""",1
"""3dprinter""",1
"""3dartist""",1
"""editing""",1
"""acrylicpainting""",1
"""contemporaryart""",2
"""mothersday""",1
"""waitlessapp""",1
"""trends""",4
"""future""",5
"""crostata""",1
"""à¸£à¹‰à¸­à¸¢à¸¤à¸”à¸¹à¸«à¸™à¸²à¸§mv""",1
"""pondphuwin""",1
"""salesforce""",3
"""jobs""",8
"""csuite""",2
"""samaatv""",1
"""optimaltechlovesyou""",1
"""iphoneonly""",1
"""iphone13max""",1
"""dkmusik""",1
"""partofme""",1
"""ã‚¹ã‚¿ãƒƒãƒ•""",1
"""pegatron""",4
"""uf""",2
"""pnr""",4
"""tejran""",10
"""deepikapadukone""",18
"""dalailamagoout""",11
"""enterprises""",1
"""thebigdoorprize""",3
"""illloveyoutomorrow""",1
"""inclusionmatters""",1
"""farmhousedecor""",1
"""rtsells""",1
"""algund""",1
"""visitalgund""",1
"""orlandocity""",1
"""notÃ­cias""",3
"""infosecurity""",7
"""threatintel""",6
"""ã™ã‚‹ã‹ã‚‰ã„ã„ã­""",1
"""ã—ã¦""",1
"""on""",2
"""all""",2
"""platforms""",2
"""theapplequeen""",1
"""dndmovie""",2
"""nationalnews""",1
"""investing""",10
"""itads""",1
"""photo""",1
"""musica""",4
"""arts""",1
"""sarasspringcount23""",2
"""retail""",8
"""promoc""",1
"""cuentas""",1
"""cuentasclaras""",1
"""bancos""",1
"""cover""",2
"""amc""",2
"""lgbtq""",1
"""worldwar2""",1
"""é€šèƒ€""",1
"""å¾®è½¯""",1
"""dabplus""",3
"""howto""",2
"""finance""",6
"""goals""",2
"""isa""",1
"""pbl""",2
"""bestdeals""",2
"""applecomes2india""",1
"""carding""",1
"""swiping""",1
"""chronicillness""",2
"""fibromyalgia""",2
"""french""",1
"""system""",1
"""m2m""",1
"""internetofthings""",1
"""promo""",3
"""beartai""",2
"""ipadpro""",10
"""æ–°ç€""",6
"""orchestra""",1
"""shakurstevenson""",1
"""empresas""",1
"""see""",1
"""afundade3""",1
"""vibrent""",1
"""ã›ã©ã‚Š""",13
"""ç‹—å¤´èè‰""",2
"""humanity""",2
"""government""",1
"""macro""",1
"""ibooks""",1
"""apocalypticfiction""",1
"""applemusicà¸«à¸²à¸£""",1
"""acidverse""",1
"""videos2watchnow""",1
"""acciones""",1
"""nextlevel""",1
"""showroom""",2
"""thesims5""",2
"""youmakethesims""",2
"""pcgames""",2
"""irobin""",1
"""pasarskz""",1
"""bolhadev""",1
"""orlmac""",3
"""somersbycider""",1
"""somersbycanada""",1
"""ive""",5
"""thedopestshop""",1
"""kfc""",1
"""ì•„ì´ë¸Œ""",4
"""peoplept2_lockdown""",1
"""safari""",4
"""specialization""",1
"""flavonoids""",1
"""bntrends""",1
"""blacktwitter""",1
"""businessstandard""",1
"""core""",1
"""optionstrade""",2
"""londra""",1
"""podcastturk""",1
"""estala""",1
"""à¹€à¸•à¸´à¸¡coin""",1
"""readawrite""",1
"""netizensreport""",30
"""sachinpilot""",7
"""unicode""",2
"""ë„ê²¸""",1
"""s23ultra""",1
"""withgalaxy""",1
"""euhealthunion""",1
"""health""",7
"""mentalhealth""",2
"""ukraine""",3
"""healthdata""",1
"""cdo""",1
"""bananaonline""",1
"""fandomsunited""",1
"""macnifreak""",1
"""epicfantasy""",1
"""éˆ´æœ¨æ„›ç†""",1
"""river""",1
"""interview""",1
"""holditdown""",1
"""jewelrysupplies""",1
"""potatosalad""",1
"""kwawesome""",1
"""securityupdate""",1
"""exploit""",1
"""inredning""",1
"""happysehunday""",1
"""comingsoon""",2
"""savannahcandykitchen""",1
"""lunch""",1
"""nohassles""",1
"""craig""",1
"""documento""",1
"""childrenstv""",1
"""firstapplecomputer""",1
"""gardening""",4
"""ã‚·ãƒ†ã‚£ãƒãƒƒãƒ—""",1
"""ãƒ•ãƒ¥ãƒ¼ã‚¸ãƒ§ãƒ³""",1
"""whenidipyoudipwedip""",1
"""nationalcheesefondueday""",1
"""bnb""",1
"""pineapplerevolution""",1
"""stablediffusionart""",1
"""restaurantowners""",1
"""fb""",1
"""v""",1
"""ì˜¤ëŠ˜ë°¤ë„""",1
"""appleipadpro""",1
"""reliantcellular""",1
"""ipadprocreate""",1
"""drink""",1
"""fruit""",7
"""fruitjuice""",1
"""pfl2""",1
"""successionhbo""",1
"""applevr""",1
"""å››çˆ±å¥³æ”»""",1
"""kinnpanny""",1
"""ãƒ‘ãƒ³ãƒ€ãƒ”ãƒ©ãƒ‹ã‚¢""",1
"""fundraiser""",1
"""banquet""",1
"""ttrpgs""",1
"""heizung""",1
"""fitnesslife""",1
"""bÃ¶rse""",1
"""ë°©íƒ„ì†Œë…„ë‹¨ì§„""",1
"""porvida""",2
"""web""",1
"""slm""",1
"""display""",4
"""release""",1
"""27inch""",2
"""miniled""",3
"""kseshwarappa""",1
"""birdphotography""",1
"""canon""",1
"""ford""",1
"""guitarstrangler""",1
"""mctech3""",1
"""elcafedelamanana""",1
"""humor""",1
"""businessmanagement""",1
"""businessinnigeria""",1
"""123info""",2
"""maskerorganik""",1
"""jualcukaapelbragg""",1
"""yoqueenbeauty""",1
"""tonercukaapelmurah""",1
"""cukaapeloriginal""",1
"""healthylifestyle""",1
"""narratortsp""",1
"""thor""",1
"""computer""",10
"""sui""",1
"""bahis""",1
"""dailynews""",1
"""nintendo""",2
"""nostalgia""",2
"""vintage""",1
"""classic""",1
"""å°ç±³""",1
"""ttfm""",1
"""à¸•à¸¥à¸²à¸”à¸™à¸±à¸”à¸­à¸²à¸à¸²à¹€à¸‹à¹ˆ""",1
"""wastemanagement""",1
"""pooreconomiccondition""",1
"""àª¤àª¾11àªàªªà«àª°àª¿àª²2023àª¨àª¾àª¸àª®àª¾àªšàª¾àª°""",1
"""à¸à¸±à¸à¸Šà¸²à¸™à¸„à¸£à¸›à¸à¸¡""",1
"""bluebeetle""",1
"""ahsoka""",1
"""lakeshow""",2
"""midjorney5""",1
"""rnbmusic""",1
"""soul""",1
"""summerwalker""",1
"""drake""",1
"""fate""",1
"""webdev""",1
"""amazonsales""",1
"""macbookpromax""",1
"""hobbies""",1
"""Ã udio""",4
"""onthego""",1
"""dancerecital""",2
"""appledistinguishedschool""",1
"""businesscontinuity""",1
"""kissbcp""",1
"""lenovo""",4
"""xciteapple23""",1
"""communications""",1
"""nhkç´…ç™½""",1
"""architecturewonders""",1
"""reading""",3
"""fiction""",2
"""entertainmentindustry""",1
"""thechroniclesofthestoneveil""",1
"""slteam""",1
"""thespuzz""",2
"""fiis""",1
"""jo1""",2
"""tinytip""",1
"""ufotwitter""",1
"""uaptwitter""",1
"""ã·ã«ã·ã«""",1
"""kashmir""",1
"""ãƒ ã‚«ã‚¿ã‚¤ã‚¢ã‚¤ãƒ©ã‚­""",1
"""wwe""",1
"""zonauangï¸""",1
"""tradingsignals""",1
"""catsarefamily""",1
"""foryou""",2
"""sjksonhand""",1
"""ì—ì´í‹°ì¦ˆ""",1
"""markethistory""",1
"""paycellzede""",1
"""cpu""",1
"""top""",1
"""electronics""",7
"""encrypted""",1
"""scentoftheday""",1
"""audiobook""",2
"""thesupermariobrosmovie""",2
"""à¸à¸±à¸à¸Šà¸²à¹€à¸¡à¸²à¹†""",1
"""businessnewsupdates""",2
"""opening""",1
"""cptsd""",1
"""mentalhealthawareness""",2
"""documentscanner""",1
"""æ˜¥ã‹ã‚‰omu""",1
"""dxomark""",1
"""ã‚¸ã‚§ã‚¸ãƒ¥ãƒ³""",9
"""luxe""",1
"""infantupdate""",1
"""thesims4growingtogether""",1
"""lamananadehoy""",1
"""organizedcrime""",1
"""californiarealestate""",1
"""potus""",1
"""oled""",1
"""goblue""",1
"""shotoniphone""",2
"""digitalassets""",1
"""tilltheendofthemoon""",1
"""luoyunxi""",1
"""ãƒãƒƒãƒ†ãƒªãƒ¼""",2
"""ç”»é¢è¡¨ç¤º""",1
"""wraltechwire""",1
"""motownmom""",1
"""hanniballecter""",1
"""tattooidea""",1
"""iphoneapps""",2
"""iosapp""",1
"""blastr6""",1
"""wiederherstellungskontakte""",1
"""seamoss""",1
"""ã‚¦ã‚§ã‚¶ãƒ¼ãƒŸãƒ¥ãƒ¼ã‚¸ãƒƒã‚¯""",1
"""sidharthmalhotra""",1
"""wizkid""",1
"""tsla""",1
"""securityprivacy""",1
"""saldÄ±rÄ±""",1
"""badmove""",1
"""conceptdesign""",1
"""theresonlyoneelvis""",1
"""infomail""",1
"""notanad""",1
"""handmade925""",1
"""indroid""",1
"""å…«è¡—""",1
"""johndemian""",1
"""screenprotector""",1
"""tca2023""",1
"""donation""",1
"""blackfriday""",1
"""detroit""",1
"""historical""",1
"""doop""",1
"""galaxys24""",1
"""laptops""",1
"""lafamiliaimcf""",1
"""shopeebr""",1
"""viratkohli""",9
"""mivsdc""",8
"""rakutenichiba""",6
"""psy_apple""",3
"""ÑĞ»ÑƒÑ…Ğ¸""",1
"""electronic""",4
"""advice""",2
"""analysis""",2
"""building""",2
"""groupvertical""",1
"""appletv4k""",1
"""personalizaÃ§Ã£o""",1
"""competitions""",1
"""resistance""",1
"""polaroidlove""",1
"""puppylove""",1
"""marvelsavengers""",1
"""ps5share""",1
"""ondecompra""",1
"""valetudo""",1
"""reuters""",4
"""artmoots""",1
"""indiaontherise""",1
"""guardian""",1
"""gtavonline""",1
"""felip_rocksta""",1
"""bluetoothheadset""",1
"""powerbanks""",1
"""traveltuesday""",1
"""webãƒ‡ã‚¶ã‚¤ãƒ³""",1
"""åºƒå‘Šãƒ‡ã‚¶ã‚¤ãƒ³""",1
"""finfinances""",1
"""game""",2
"""mobilegames""",1
"""incompetence""",1
"""nhmade""",1
"""yumm""",1
"""buffcakebarkery""",1
"""athletics""",2
"""fashion""",2
"""usd""",1
"""cryptotrading""",1
"""modigovt""",1
"""agoodperson""",1
"""hhn32""",1
"""tidal""",2
"""napster""",1
"""midjorneyart""",1
"""aiartworks""",1
"""ãƒ‡ãƒƒã‚µãƒ³""",1
"""grafting""",1
"""jesusrevolution""",1
"""gabrielsredemption""",1
"""acnh""",2
"""sm19534558""",1
"""blackpodcast""",2
"""newpodcastalert""",1
"""ã‚ã¿ã‚ƒãƒ¼ã¨""",1
"""à¸™à¸§à¸”à¸¥à¸²à¸”à¸à¸£à¹‰à¸²à¸§""",1
"""tupperware""",1
"""welcomehome""",2
"""applewatchseries3""",1
"""applewatchrepairs""",1
"""bahamas""",1
"""cdnrealestate""",1
"""marketdecline""",2
"""urjdwirelesscarplayadapter2023upgrade""",1
"""applecinnamonpancakes""",1
"""mariners""",1
"""yankees""",1
"""studyabroadconsultancy""",1
"""studyabroadconsultants""",1
"""prominentgetrennt""",1
"""appstoredown""",2
"""f""",1
"""calfay""",1
"""tearitdown""",1
"""entertainment""",1
"""911onfox""",1
"""ciara""",1
"""dstvapp""",1
"""hojenahistÃ³ria""",1
"""plum""",1
"""stylehint""",1
"""styles""",1
"""ports""",1
"""bigsur11""",1
"""realworld""",2
"""bookclub""",1
"""sharpshotnature""",1
"""gendergap""",1
"""tromanow""",1
"""peakmilk""",2
"""dolap""",1
"""sahibindenalsat""",1
"""ãŠã™ã™ã‚""",1
"""ç¥æ¥­ãƒãƒ£ãƒ¬ãƒ³ã‚¸""",2
"""nhkãƒ›ãƒ¼ãƒ«ã«é³´ã‚ŠéŸ¿ãå‹åˆ©ã®å’†å“®""",1
"""guava""",1
"""Ø¢ÙŠÙÙˆÙ†""",1
"""me""",2
"""floy""",1
"""reporter""",1
"""jagdeepdhankhar""",8
"""kyiv""",1
"""micropoetry""",1
"""discovering""",1
"""softwareupdates""",1
"""securityimprovement""",1
"""ã‚¤ã‚­ã‚»ã‚«""",1
"""automotive""",1
"""tecq""",1
"""gtmbarbond""",1
"""containers""",2
"""dating""",2
"""one""",2
"""kimjaehwan""",1
"""mobilesecurity""",1
"""å‹é”""",1
"""widgy""",1
"""ã‚¸ã‚§ãƒ ã‚½ãƒ³""",1
"""è£¸èŠ""",1
"""oriele""",1
"""ãªã«ã‚tube""",1
"""nftã‚¢ãƒ¼ãƒˆ""",1
"""corporateleftism""",1
"""recovery""",1
"""phoneplan""",1
"""ios16homescreen""",1
"""spotifypodcasts""",2
"""marilynmanson""",1
"""garbageuniversity""",2
"""ppkritentertainment""",2
"""marilynmonroe""",1
"""analyse""",1
"""application""",1
"""ä¼‘æ—¥""",1
"""2023goals""",1
"""razer""",1
"""icedcoffee""",1
"""damsonidris""",1
"""bradpitt""",1
"""ãƒãƒ¼ãƒ¬ã‚¹ã‚¯æ±äº¬""",1
"""nftcollector""",1
"""spendl""",1
"""çŸ¢é‡é¡•å­""",1
"""appleceo""",2
"""à¸à¸£à¹‰à¸­à¸¡à¸ªà¹ˆà¸‡""",2
"""knet""",1
"""herramientas""",1
"""craftbeer""",1
"""beer""",1
"""ã‚¤ãƒ©ã‚¹ãƒˆ""",1
"""kyvan""",1
"""ntvbusinessind""",1
"""seotips""",1
"""azerbaijan""",1
"""northyorkshire""",1
"""tawan_v""",1
"""cabezashuecas""",1
"""hardrock""",1
"""atxvvan""",1
"""besin""",1
"""shelve""",1
"""magniningningangaraneta""",1
"""rakutenkobo""",1
"""smashwords""",2
"""bigsur""",1
"""bug""",1
"""privacy""",1
"""techrepair""",1
"""preowned""",1
"""ã‚¹ã‚­ã‚ºäº¤æ›""",1
"""cashewfenigoa""",2
"""sugarapplefairytale""",2
"""hitachi""",1
"""zeetamilnews""",1
"""ldziewiecki""",1
"""sb19""",1
"""podchaser""",1
"""germany""",1
"""whereismymind""",1
"""å…’ç«¥""",1
"""recipeshare""",1
"""cookingwithapples""",1
"""cgi""",1
"""weight""",1
"""movienews""",1
"""applestudiodisplay""",1
"""nanomedicina""",1
"""smartph""",1
"""nct""",1
"""à¹€à¸à¹‰à¸²à¸«à¹‰à¸²à¸ªà¹ˆà¸‡à¸•à¹ˆà¸­""",1
"""mwn""",1
"""europa""",1
"""sharkyswaters""",1
"""cyberexpress""",1
"""ç±³æ´¥ç„å¸«""",1
"""iplpoll""",1
"""timelessalbum""",1
"""meteora20""",1
"""é¦™å¥ˆå¥ˆ""",1
"""ipados17beta""",1
"""techhub""",1
"""contentclubuk""",1
"""æ®‹æ¥­ä¸­""",1
"""vietnam""",1
